trace,mode,suite,instructions,ipc,cycles,LLC0_TOTAL_access,LLC0_TOTAL_hit,LLC0_TOTAL_hit_pct,LLC0_TOTAL_miss,LLC0_TOTAL_miss_pct,llc_avg_miss_latency,mpki,data_store_evictions,data_store_fills_total,data_store_fills_avg,data_store_fills_cv,data_store_fills_min,data_store_fills_max,common_path_rate,ssl_common_selections,avg_rrpv_increment_rounds,rrpv_sampled_evictions,rrpv_total_rounds,no_of_sos_triggered,deferred_sos_services,deferred_sos_dirty_writebacks,sos_percentage,sos_forced_selections,sos_queue_enqueues,sos_queue_max_occupancy,sos_queue_remaining,sos_service_rate,tag_store_full_events,tag_utilization,total_miss_at_tag_array,tag_free_skew0_avg,tag_free_skew1_avg,tag_insert_skew0,tag_insert_skew1,tag_occ_skew0_avg,tag_occ_skew1_avg,allocated_pages,dram_pages,major_fault,minor_fault,llc_security_mode
400.perlbench-41B.champsimtrace.xz,enigma,spec2006,200000001,0.41074,486926037,,,,,,,,,,,,,,99.9951,,,,,10,,,,,,,,0.00491046,,,203647,,,,,,,4720,,0,4720,
400.perlbench-41B.champsimtrace.xz,mirage,spec2006,200000001,0.409336,488596342,,,,,,,,,,,,,,,,,,,0,,,,,,,,,,,247966,,,,,,,4720,,0,4720,
400.perlbench-41B.champsimtrace.xz,srrip,spec2006,200000001,0.411055,486552612,,,,,,,,,,,,,,,,,,,,,,,,,,,,,,,,,,,,,4720,,0,4720,
400.perlbench-50B.champsimtrace.xz,enigma,spec2006,200000000,0.400131,499836000,,,,,,,,,,,,,,99.9983,,,,,2,,,,,,,,0.00168356,,,118796,,,,,,,4694,,0,4694,
400.perlbench-50B.champsimtrace.xz,mirage,spec2006,200000000,0.399273,500910940,,,,,,,,,,,,,,,,,,,0,,,,,,,,,,,130727,,,,,,,4694,,0,4694,
400.perlbench-50B.champsimtrace.xz,srrip,spec2006,200000000,0.400698,499128995,,,,,,,,,,,,,,,,,,,,,,,,,,,,,,,,,,,,,4694,,0,4694,
401.bzip2-226B.champsimtrace.xz,enigma,spec2006,200000000,0.679009,294546776,,,,,,,,,,,,,,99.9959,,,,,28,,,,,,,,0.00411451,,,680518,,,,,,,1674,,0,1674,
401.bzip2-226B.champsimtrace.xz,mirage,spec2006,200000000,0.668337,299250263,,,,,,,,,,,,,,,,,,,0,,,,,,,,,,,789987,,,,,,,1674,,0,1674,
401.bzip2-226B.champsimtrace.xz,srrip,spec2006,200000000,0.681644,293408433,,,,,,,,,,,,,,,,,,,,,,,,,,,,,,,,,,,,,1674,,0,1674,
401.bzip2-277B.champsimtrace.xz,enigma,spec2006,200000002,0.673244,297068992,,,,,,,,,,,,,,99.9995,,,,,4,,,,,,,,0.000451172,,,886580,,,,,,,1961,,0,1961,
401.bzip2-277B.champsimtrace.xz,mirage,spec2006,200000002,0.670673,298207902,,,,,,,,,,,,,,,,,,,0,,,,,,,,,,,829598,,,,,,,1961,,0,1961,
401.bzip2-277B.champsimtrace.xz,srrip,spec2006,200000002,0.676932,295450542,,,,,,,,,,,,,,,,,,,,,,,,,,,,,,,,,,,,,1961,,0,1961,
401.bzip2-38B.champsimtrace.xz,enigma,spec2006,200000002,0.616784,324262778,,,,,,,,,,,,,,99.9987,,,,,6,,,,,,,,0.001338,,,448430,,,,,,,1282,,0,1282,
401.bzip2-38B.champsimtrace.xz,mirage,spec2006,200000002,0.607666,329128247,,,,,,,,,,,,,,,,,,,0,,,,,,,,,,,587334,,,,,,,1282,,0,1282,
401.bzip2-38B.champsimtrace.xz,srrip,spec2006,200000002,0.617881,323686682,,,,,,,,,,,,,,,,,,,,,,,,,,,,,,,,,,,,,1282,,0,1282,
401.bzip2-7B.champsimtrace.xz,enigma,spec2006,200000002,0.745403,268311411,,,,,,,,,,,,,,99.9981,,,,,5,,,,,,,,0.00191759,,,260744,,,,,,,1089,,0,1089,
401.bzip2-7B.champsimtrace.xz,mirage,spec2006,200000002,0.734432,272319327,,,,,,,,,,,,,,,,,,,0,,,,,,,,,,,395356,,,,,,,1089,,0,1089,
401.bzip2-7B.champsimtrace.xz,srrip,spec2006,200000002,0.745308,268345455,,,,,,,,,,,,,,,,,,,,,,,,,,,,,,,,,,,,,1089,,0,1089,
403.gcc-16B.champsimtrace.xz,enigma,spec2006,200000000,1.32147,151346642,,,,,,,,,,,,,,100,,,,,0,,,,,,,,0,,,69347,,,,,,,3983,,0,3983,
403.gcc-16B.champsimtrace.xz,mirage,spec2006,200000000,1.31841,151697552,,,,,,,,,,,,,,,,,,,0,,,,,,,,,,,104475,,,,,,,3983,,0,3983,
403.gcc-16B.champsimtrace.xz,srrip,spec2006,200000000,1.32413,151042980,,,,,,,,,,,,,,,,,,,,,,,,,,,,,,,,,,,,,3983,,0,3983,
403.gcc-17B.champsimtrace.xz,enigma,spec2006,200000002,0.307145,651158267,,,,,,,,,,,,,,99.9929,,,,,190,,,,,,,,0.00714751,,,2658267,,,,,,,32761,,0,32761,
403.gcc-17B.champsimtrace.xz,mirage,spec2006,200000002,0.304962,655818850,,,,,,,,,,,,,,,,,,,0,,,,,,,,,,,2363114,,,,,,,32761,,0,32761,
403.gcc-17B.champsimtrace.xz,srrip,spec2006,200000002,0.308117,649104882,,,,,,,,,,,,,,,,,,,,,,,,,,,,,,,,,,,,,32761,,0,32761,
403.gcc-48B.champsimtrace.xz,enigma,spec2006,200000001,0.691702,289141872,,,,,,,,,,,,,,99.9969,,,,,3,,,,,,,,0.00307478,,,97568,,,,,,,3861,,0,3861,
403.gcc-48B.champsimtrace.xz,mirage,spec2006,200000001,0.690805,289517250,,,,,,,,,,,,,,,,,,,0,,,,,,,,,,,103244,,,,,,,3861,,0,3861,
403.gcc-48B.champsimtrace.xz,srrip,spec2006,200000001,0.692322,288882776,,,,,,,,,,,,,,,,,,,,,,,,,,,,,,,,,,,,,3861,,0,3861,
410.bwaves-1963B.champsimtrace.xz,enigma,spec2006,200000001,0.564215,354475034,,,,,,,,,,,,,,99.9883,,,,,873,,,,,,,,0.0116734,,,7478567,,,,,,,103148,,0,103148,
410.bwaves-1963B.champsimtrace.xz,mirage,spec2006,200000001,0.565178,353870629,,,,,,,,,,,,,,,,,,,0,,,,,,,,,,,7490181,,,,,,,103148,,0,103148,
410.bwaves-1963B.champsimtrace.xz,srrip,spec2006,200000001,0.572282,349478302,,,,,,,,,,,,,,,,,,,,,,,,,,,,,,,,,,,,,103148,,0,103148,
410.bwaves-2097B.champsimtrace.xz,enigma,spec2006,200000003,0.564253,354451028,,,,,,,,,,,,,,99.9884,,,,,870,,,,,,,,0.011634,,,7478110,,,,,,,103147,,0,103147,
410.bwaves-2097B.champsimtrace.xz,mirage,spec2006,200000003,0.565287,353802362,,,,,,,,,,,,,,,,,,,0,,,,,,,,,,,7490794,,,,,,,103147,,0,103147,
410.bwaves-2097B.champsimtrace.xz,srrip,spec2006,200000003,0.572372,349422861,,,,,,,,,,,,,,,,,,,,,,,,,,,,,,,,,,,,,103147,,0,103147,
410.bwaves-945B.champsimtrace.xz,enigma,spec2006,200000002,0.833387,239984424,,,,,,,,,,,,,,100,,,,,0,,,,,,,,0,,,12568,,,,,,,214,,0,214,
410.bwaves-945B.champsimtrace.xz,mirage,spec2006,200000002,0.83338,239986673,,,,,,,,,,,,,,,,,,,0,,,,,,,,,,,13408,,,,,,,214,,0,214,
410.bwaves-945B.champsimtrace.xz,srrip,spec2006,200000002,0.833416,239976268,,,,,,,,,,,,,,,,,,,,,,,,,,,,,,,,,,,,,214,,0,214,
416.gamess-875B.champsimtrace.xz,enigma,spec2006,200000000,0.726578,275263090,,,,,,,,,,,,,,100,,,,,0,,,,,,,,0,,,4655,,,,,,,189,,0,189,
416.gamess-875B.champsimtrace.xz,mirage,spec2006,200000000,0.726578,275263090,,,,,,,,,,,,,,,,,,,0,,,,,,,,,,,4655,,,,,,,189,,0,189,
416.gamess-875B.champsimtrace.xz,srrip,spec2006,200000000,0.726585,275260413,,,,,,,,,,,,,,,,,,,,,,,,,,,,,,,,,,,,,189,,0,189,
429.mcf-184B.champsimtrace.xz,enigma,spec2006,200000000,0.0712707,2806204241,,,,,,,,,,,,,,99.9915,,,,,2100,,,,,,,,0.00848662,,,24744832,,,,,,,197126,,0,197126,
429.mcf-184B.champsimtrace.xz,mirage,spec2006,200000000,0.0667387,2996763198,,,,,,,,,,,,,,,,,,,0,,,,,,,,,,,29337819,,,,,,,197126,,0,197126,
429.mcf-184B.champsimtrace.xz,srrip,spec2006,200000000,0.0725916,2755141292,,,,,,,,,,,,,,,,,,,,,,,,,,,,,,,,,,,,,197126,,0,197126,
429.mcf-192B.champsimtrace.xz,enigma,spec2006,200000000,0.0675283,2961722813,,,,,,,,,,,,,,99.9925,,,,,1789,,,,,,,,0.00754728,,,23703897,,,,,,,328298,,0,328298,
429.mcf-192B.champsimtrace.xz,mirage,spec2006,200000000,0.0596862,3350858244,,,,,,,,,,,,,,,,,,,0,,,,,,,,,,,31982702,,,,,,,328298,,0,328298,
429.mcf-192B.champsimtrace.xz,srrip,spec2006,200000000,0.0685227,2918742809,,,,,,,,,,,,,,,,,,,,,,,,,,,,,,,,,,,,,328298,,0,328298,
429.mcf-217B.champsimtrace.xz,enigma,spec2006,200000002,0.174843,1143885440,,,,,,,,,,,,,,99.9837,,,,,3573,,,,,,,,0.0163033,,,21915823,,,,,,,35161,,0,35161,
429.mcf-217B.champsimtrace.xz,mirage,spec2006,200000002,0.186058,1074933855,,,,,,,,,,,,,,,,,,,0,,,,,,,,,,,20037669,,,,,,,35161,,0,35161,
429.mcf-217B.champsimtrace.xz,srrip,spec2006,200000002,0.180629,1107243296,,,,,,,,,,,,,,,,,,,,,,,,,,,,,,,,,,,,,35161,,0,35161,
429.mcf-22B.champsimtrace.xz,enigma,spec2006,200000000,0.272747,733280618,,,,,,,,,,,,,,99.9908,,,,,1205,,,,,,,,0.00917985,,,13126573,,,,,,,317402,,0,317402,
429.mcf-22B.champsimtrace.xz,mirage,spec2006,200000000,0.285991,699323872,,,,,,,,,,,,,,,,,,,0,,,,,,,,,,,12074393,,,,,,,317402,,0,317402,
429.mcf-22B.champsimtrace.xz,srrip,spec2006,200000000,0.279713,715017720,,,,,,,,,,,,,,,,,,,,,,,,,,,,,,,,,,,,,317402,,0,317402,
429.mcf-51B.champsimtrace.xz,enigma,spec2006,200000000,0.0797293,2508489801,,,,,,,,,,,,,,99.9915,,,,,1988,,,,,,,,0.00849908,,,23390768,,,,,,,114149,,0,114149,
429.mcf-51B.champsimtrace.xz,mirage,spec2006,200000000,0.0777431,2572576151,,,,,,,,,,,,,,,,,,,0,,,,,,,,,,,25660854,,,,,,,114149,,0,114149,
429.mcf-51B.champsimtrace.xz,srrip,spec2006,200000000,0.0813336,2459007371,,,,,,,,,,,,,,,,,,,,,,,,,,,,,,,,,,,,,114149,,0,114149,
433.milc-127B.champsimtrace.xz,enigma,spec2006,200000000,0.400381,499523732,,,,,,,,,,,,,,99.9903,,,,,817,,,,,,,,0.00973265,,,8394424,,,,,,,95964,,0,95964,
433.milc-127B.champsimtrace.xz,mirage,spec2006,200000000,0.399525,500593850,,,,,,,,,,,,,,,,,,,0,,,,,,,,,,,8319609,,,,,,,95964,,0,95964,
433.milc-127B.champsimtrace.xz,srrip,spec2006,200000000,0.409821,488017730,,,,,,,,,,,,,,,,,,,,,,,,,,,,,,,,,,,,,95964,,0,95964,
433.milc-274B.champsimtrace.xz,enigma,spec2006,200000000,0.439099,455478160,,,,,,,,,,,,,,99.9901,,,,,750,,,,,,,,0.00990242,,,7573905,,,,,,,109242,,0,109242,
433.milc-274B.champsimtrace.xz,mirage,spec2006,200000000,0.437762,456869193,,,,,,,,,,,,,,,,,,,0,,,,,,,,,,,7198964,,,,,,,109242,,0,109242,
433.milc-274B.champsimtrace.xz,srrip,spec2006,200000000,0.455577,439004142,,,,,,,,,,,,,,,,,,,,,,,,,,,,,,,,,,,,,109242,,0,109242,
433.milc-337B.champsimtrace.xz,enigma,spec2006,200000001,0.446119,448310660,,,,,,,,,,,,,,99.9882,,,,,1074,,,,,,,,0.0118348,,,9074950,,,,,,,90362,,0,90362,
433.milc-337B.champsimtrace.xz,mirage,spec2006,200000001,0.436395,458299951,,,,,,,,,,,,,,,,,,,0,,,,,,,,,,,8990126,,,,,,,90362,,0,90362,
433.milc-337B.champsimtrace.xz,srrip,spec2006,200000001,0.447042,447385089,,,,,,,,,,,,,,,,,,,,,,,,,,,,,,,,,,,,,90362,,0,90362,
434.zeusmp-10B.champsimtrace.xz,enigma,spec2006,200000000,1.00178,199645357,,,,,,,,,,,,,,99.9927,,,,,64,,,,,,,,0.00728334,,,878718,,,,,,,13626,,0,13626,
434.zeusmp-10B.champsimtrace.xz,mirage,spec2006,200000000,0.9914,201734998,,,,,,,,,,,,,,,,,,,0,,,,,,,,,,,1012342,,,,,,,13626,,0,13626,
434.zeusmp-10B.champsimtrace.xz,srrip,spec2006,200000000,1.01228,197572911,,,,,,,,,,,,,,,,,,,,,,,,,,,,,,,,,,,,,13626,,0,13626,
435.gromacs-111B.champsimtrace.xz,enigma,spec2006,200000002,0.779538,256562102,,,,,,,,,,,,,,100,,,,,0,,,,,,,,0,,,36041,,,,,,,647,,0,647,
435.gromacs-111B.champsimtrace.xz,mirage,spec2006,200000002,0.778392,256940004,,,,,,,,,,,,,,,,,,,0,,,,,,,,,,,42985,,,,,,,647,,0,647,
435.gromacs-111B.champsimtrace.xz,srrip,spec2006,200000002,0.780146,256362113,,,,,,,,,,,,,,,,,,,,,,,,,,,,,,,,,,,,,647,,0,647,
435.gromacs-134B.champsimtrace.xz,enigma,spec2006,200000003,1.60249,124805661,,,,,,,,,,,,,,99.9973,,,,,5,,,,,,,,0.00270555,,,184805,,,,,,,1832,,0,1832,
435.gromacs-134B.champsimtrace.xz,mirage,spec2006,200000003,1.55398,128702055,,,,,,,,,,,,,,,,,,,0,,,,,,,,,,,215466,,,,,,,1832,,0,1832,
435.gromacs-134B.champsimtrace.xz,srrip,spec2006,200000003,1.60884,124313211,,,,,,,,,,,,,,,,,,,,,,,,,,,,,,,,,,,,,1832,,0,1832,
435.gromacs-226B.champsimtrace.xz,enigma,spec2006,200000001,0.831218,240610828,,,,,,,,,,,,,,99.9968,,,,,5,,,,,,,,0.00324279,,,154188,,,,,,,2084,,0,2084,
435.gromacs-226B.champsimtrace.xz,mirage,spec2006,200000001,0.830694,240762417,,,,,,,,,,,,,,,,,,,0,,,,,,,,,,,190123,,,,,,,2084,,0,2084,
435.gromacs-226B.champsimtrace.xz,srrip,spec2006,200000001,0.831863,240424063,,,,,,,,,,,,,,,,,,,,,,,,,,,,,,,,,,,,,2084,,0,2084,
435.gromacs-228B.champsimtrace.xz,enigma,spec2006,200000001,1.60899,124301503,,,,,,,,,,,,,,99.9954,,,,,11,,,,,,,,0.00455509,,,241488,,,,,,,1697,,0,1697,
435.gromacs-228B.champsimtrace.xz,mirage,spec2006,200000001,1.5612,128106628,,,,,,,,,,,,,,,,,,,0,,,,,,,,,,,293907,,,,,,,1697,,0,1697,
435.gromacs-228B.champsimtrace.xz,srrip,spec2006,200000001,1.61435,123888542,,,,,,,,,,,,,,,,,,,,,,,,,,,,,,,,,,,,,1697,,0,1697,
436.cactusADM-1804B.champsimtrace.xz,enigma,spec2006,200000000,0.361855,552707053,,,,,,,,,,,,,,99.991,,,,,183,,,,,,,,0.00896909,,,2040341,,,,,,,16578,,0,16578,
436.cactusADM-1804B.champsimtrace.xz,mirage,spec2006,200000000,0.35725,559831495,,,,,,,,,,,,,,,,,,,0,,,,,,,,,,,2124669,,,,,,,16578,,0,16578,
436.cactusADM-1804B.champsimtrace.xz,srrip,spec2006,200000000,0.361937,552582253,,,,,,,,,,,,,,,,,,,,,,,,,,,,,,,,,,,,,16578,,0,16578,
437.leslie3d-134B.champsimtrace.xz,enigma,spec2006,200000003,0.63991,312543747,,,,,,,,,,,,,,99.9905,,,,,278,,,,,,,,0.00950588,,,2924506,,,,,,,18995,,0,18995,
437.leslie3d-134B.champsimtrace.xz,mirage,spec2006,200000003,0.644233,310446804,,,,,,,,,,,,,,,,,,,0,,,,,,,,,,,2958819,,,,,,,18995,,0,18995,
437.leslie3d-134B.champsimtrace.xz,srrip,spec2006,200000003,0.649689,307839608,,,,,,,,,,,,,,,,,,,,,,,,,,,,,,,,,,,,,18995,,0,18995,
437.leslie3d-149B.champsimtrace.xz,enigma,spec2006,200000003,0.650252,307572877,,,,,,,,,,,,,,99.9915,,,,,260,,,,,,,,0.00845687,,,3074424,,,,,,,19121,,0,19121,
437.leslie3d-149B.champsimtrace.xz,mirage,spec2006,200000003,0.661235,302464533,,,,,,,,,,,,,,,,,,,0,,,,,,,,,,,3073437,,,,,,,19121,,0,19121,
437.leslie3d-149B.champsimtrace.xz,srrip,spec2006,200000003,0.658458,303739953,,,,,,,,,,,,,,,,,,,,,,,,,,,,,,,,,,,,,19121,,0,19121,
437.leslie3d-232B.champsimtrace.xz,enigma,spec2006,200000001,0.621248,321932819,,,,,,,,,,,,,,99.9914,,,,,246,,,,,,,,0.0085537,,,2875948,,,,,,,18561,,0,18561,
437.leslie3d-232B.champsimtrace.xz,mirage,spec2006,200000001,0.616761,324274721,,,,,,,,,,,,,,,,,,,0,,,,,,,,,,,2992184,,,,,,,18561,,0,18561,
437.leslie3d-232B.champsimtrace.xz,srrip,spec2006,200000001,0.63015,317384810,,,,,,,,,,,,,,,,,,,,,,,,,,,,,,,,,,,,,18561,,0,18561,
437.leslie3d-265B.champsimtrace.xz,enigma,spec2006,200000000,0.623258,320894569,,,,,,,,,,,,,,99.99,,,,,264,,,,,,,,0.0099856,,,2643806,,,,,,,14524,,0,14524,
437.leslie3d-265B.champsimtrace.xz,mirage,spec2006,200000000,0.601,332778562,,,,,,,,,,,,,,,,,,,0,,,,,,,,,,,2774669,,,,,,,14524,,0,14524,
437.leslie3d-265B.champsimtrace.xz,srrip,spec2006,200000000,0.633427,315742581,,,,,,,,,,,,,,,,,,,,,,,,,,,,,,,,,,,,,14524,,0,14524,
437.leslie3d-271B.champsimtrace.xz,enigma,spec2006,200000001,0.60647,329777174,,,,,,,,,,,,,,99.991,,,,,270,,,,,,,,0.00898715,,,3004289,,,,,,,14591,,0,14591,
437.leslie3d-271B.champsimtrace.xz,mirage,spec2006,200000001,0.612597,326478981,,,,,,,,,,,,,,,,,,,0,,,,,,,,,,,2966896,,,,,,,14591,,0,14591,
437.leslie3d-271B.champsimtrace.xz,srrip,spec2006,200000001,0.611106,327275569,,,,,,,,,,,,,,,,,,,,,,,,,,,,,,,,,,,,,14591,,0,14591,
437.leslie3d-273B.champsimtrace.xz,enigma,spec2006,200000002,0.578038,345998216,,,,,,,,,,,,,,99.9904,,,,,289,,,,,,,,0.00959314,,,3012569,,,,,,,14617,,0,14617,
437.leslie3d-273B.champsimtrace.xz,mirage,spec2006,200000002,0.56781,352230698,,,,,,,,,,,,,,,,,,,0,,,,,,,,,,,3150060,,,,,,,14617,,0,14617,
437.leslie3d-273B.champsimtrace.xz,srrip,spec2006,200000002,0.587025,340700909,,,,,,,,,,,,,,,,,,,,,,,,,,,,,,,,,,,,,14617,,0,14617,
444.namd-120B.champsimtrace.xz,enigma,spec2006,200000001,1.34894,148264690,,,,,,,,,,,,,,100,,,,,0,,,,,,,,0,,,31984,,,,,,,808,,0,808,
444.namd-120B.champsimtrace.xz,mirage,spec2006,200000001,1.34473,148728667,,,,,,,,,,,,,,,,,,,0,,,,,,,,,,,38290,,,,,,,808,,0,808,
444.namd-120B.champsimtrace.xz,srrip,spec2006,200000001,1.34976,148174092,,,,,,,,,,,,,,,,,,,,,,,,,,,,,,,,,,,,,808,,0,808,
444.namd-166B.champsimtrace.xz,enigma,spec2006,200000001,1.26249,158417406,,,,,,,,,,,,,,100,,,,,0,,,,,,,,0,,,26638,,,,,,,667,,0,667,
444.namd-166B.champsimtrace.xz,mirage,spec2006,200000001,1.2599,158742349,,,,,,,,,,,,,,,,,,,0,,,,,,,,,,,31097,,,,,,,667,,0,667,
444.namd-166B.champsimtrace.xz,srrip,spec2006,200000001,1.26311,158339747,,,,,,,,,,,,,,,,,,,,,,,,,,,,,,,,,,,,,667,,0,667,
444.namd-23B.champsimtrace.xz,enigma,spec2006,200000000,1.33536,149772427,,,,,,,,,,,,,,100,,,,,0,,,,,,,,0,,,29715,,,,,,,735,,0,735,
444.namd-23B.champsimtrace.xz,mirage,spec2006,200000000,1.33106,150256071,,,,,,,,,,,,,,,,,,,0,,,,,,,,,,,36043,,,,,,,735,,0,735,
444.namd-23B.champsimtrace.xz,srrip,spec2006,200000000,1.33606,149693595,,,,,,,,,,,,,,,,,,,,,,,,,,,,,,,,,,,,,735,,0,735,
444.namd-321B.champsimtrace.xz,enigma,spec2006,200000000,1.22609,163119667,,,,,,,,,,,,,,100,,,,,0,,,,,,,,0,,,28434,,,,,,,688,,0,688,
444.namd-321B.champsimtrace.xz,mirage,spec2006,200000000,1.22386,163417180,,,,,,,,,,,,,,,,,,,0,,,,,,,,,,,32512,,,,,,,688,,0,688,
444.namd-321B.champsimtrace.xz,srrip,spec2006,200000000,1.22666,163043759,,,,,,,,,,,,,,,,,,,,,,,,,,,,,,,,,,,,,688,,0,688,
444.namd-33B.champsimtrace.xz,enigma,spec2006,200000000,1.40597,142250500,,,,,,,,,,,,,,100,,,,,0,,,,,,,,0,,,26421,,,,,,,712,,0,712,
444.namd-33B.champsimtrace.xz,mirage,spec2006,200000000,1.40266,142586175,,,,,,,,,,,,,,,,,,,0,,,,,,,,,,,30778,,,,,,,712,,0,712,
444.namd-33B.champsimtrace.xz,srrip,spec2006,200000000,1.40664,142183084,,,,,,,,,,,,,,,,,,,,,,,,,,,,,,,,,,,,,712,,0,712,
444.namd-426B.champsimtrace.xz,enigma,spec2006,200000002,1.29633,154281429,,,,,,,,,,,,,,100,,,,,0,,,,,,,,0,,,31598,,,,,,,774,,0,774,
444.namd-426B.champsimtrace.xz,mirage,spec2006,200000002,1.2919,154810907,,,,,,,,,,,,,,,,,,,0,,,,,,,,,,,38620,,,,,,,774,,0,774,
444.namd-426B.champsimtrace.xz,srrip,spec2006,200000002,1.29698,154204111,,,,,,,,,,,,,,,,,,,,,,,,,,,,,,,,,,,,,774,,0,774,
444.namd-44B.champsimtrace.xz,enigma,spec2006,200000000,1.13169,176726728,,,,,,,,,,,,,,100,,,,,0,,,,,,,,0,,,20481,,,,,,,542,,0,542,
444.namd-44B.champsimtrace.xz,mirage,spec2006,200000000,1.13128,176790627,,,,,,,,,,,,,,,,,,,0,,,,,,,,,,,21574,,,,,,,542,,0,542,
444.namd-44B.champsimtrace.xz,srrip,spec2006,200000000,1.132,176678324,,,,,,,,,,,,,,,,,,,,,,,,,,,,,,,,,,,,,542,,0,542,
445.gobmk-17B.champsimtrace.xz,enigma,spec2006,200000000,0.395565,505605869,,,,,,,,,,,,,,100,,,,,0,,,,,,,,0,,,17884,,,,,,,1893,,0,1893,
445.gobmk-17B.champsimtrace.xz,mirage,spec2006,200000000,0.395556,505617577,,,,,,,,,,,,,,,,,,,0,,,,,,,,,,,18948,,,,,,,1893,,0,1893,
445.gobmk-17B.champsimtrace.xz,srrip,spec2006,200000000,0.395584,505581746,,,,,,,,,,,,,,,,,,,,,,,,,,,,,,,,,,,,,1893,,0,1893,
445.gobmk-2B.champsimtrace.xz,enigma,spec2006,200000000,0.376369,531392892,,,,,,,,,,,,,,99.9974,,,,,3,,,,,,,,0.00259871,,,115442,,,,,,,3115,,0,3115,
445.gobmk-2B.champsimtrace.xz,mirage,spec2006,200000000,0.375156,533111379,,,,,,,,,,,,,,,,,,,0,,,,,,,,,,,168999,,,,,,,3115,,0,3115,
445.gobmk-2B.champsimtrace.xz,srrip,spec2006,200000000,0.376754,530850628,,,,,,,,,,,,,,,,,,,,,,,,,,,,,,,,,,,,,3115,,0,3115,
445.gobmk-30B.champsimtrace.xz,enigma,spec2006,200000001,0.360989,554033699,,,,,,,,,,,,,,99.9938,,,,,80,,,,,,,,0.00618233,,,1294010,,,,,,,6530,,0,6530,
445.gobmk-30B.champsimtrace.xz,mirage,spec2006,200000001,0.360811,554306813,,,,,,,,,,,,,,,,,,,0,,,,,,,,,,,1089102,,,,,,,6530,,0,6530,
445.gobmk-30B.champsimtrace.xz,srrip,spec2006,200000001,0.361136,553807564,,,,,,,,,,,,,,,,,,,,,,,,,,,,,,,,,,,,,6530,,0,6530,
445.gobmk-36B.champsimtrace.xz,enigma,spec2006,200000001,0.361984,552510271,,,,,,,,,,,,,,99.9956,,,,,8,,,,,,,,0.00435915,,,183522,,,,,,,3965,,0,3965,
445.gobmk-36B.champsimtrace.xz,mirage,spec2006,200000001,0.361487,553270389,,,,,,,,,,,,,,,,,,,0,,,,,,,,,,,208195,,,,,,,3965,,0,3965,
445.gobmk-36B.champsimtrace.xz,srrip,spec2006,200000001,0.362261,552088585,,,,,,,,,,,,,,,,,,,,,,,,,,,,,,,,,,,,,3965,,0,3965,
447.dealII-3B.champsimtrace.xz,enigma,spec2006,200000002,0.646251,309477152,,,,,,,,,,,,,,100,,,,,0,,,,,,,,0,,,40142,,,,,,,717,,0,717,
447.dealII-3B.champsimtrace.xz,mirage,spec2006,200000002,0.64588,309654867,,,,,,,,,,,,,,,,,,,0,,,,,,,,,,,55962,,,,,,,717,,0,717,
447.dealII-3B.champsimtrace.xz,srrip,spec2006,200000002,0.646312,309448112,,,,,,,,,,,,,,,,,,,,,,,,,,,,,,,,,,,,,717,,0,717,
450.soplex-247B.champsimtrace.xz,enigma,spec2006,200000000,0.276283,723895143,,,,,,,,,,,,,,99.994,,,,,712,,,,,,,,0.00602778,,,11811984,,,,,,,12958,,0,12958,
450.soplex-247B.champsimtrace.xz,mirage,spec2006,200000001,0.257403,776992929,,,,,,,,,,,,,,,,,,,0,,,,,,,,,,,13263718,,,,,,,12958,,0,12958,
450.soplex-247B.champsimtrace.xz,srrip,spec2006,200000001,0.283465,705554385,,,,,,,,,,,,,,,,,,,,,,,,,,,,,,,,,,,,,12958,,0,12958,
450.soplex-92B.champsimtrace.xz,enigma,spec2006,200000002,0.302198,661818753,,,,,,,,,,,,,,99.9943,,,,,471,,,,,,,,0.00565294,,,8331945,,,,,,,13454,,0,13454,
450.soplex-92B.champsimtrace.xz,mirage,spec2006,200000000,0.280172,713847278,,,,,,,,,,,,,,,,,,,0,,,,,,,,,,,9941335,,,,,,,13454,,0,13454,
450.soplex-92B.champsimtrace.xz,srrip,spec2006,200000002,0.305974,653649971,,,,,,,,,,,,,,,,,,,,,,,,,,,,,,,,,,,,,13454,,0,13454,
453.povray-252B.champsimtrace.xz,enigma,spec2006,200000002,0.354136,564755269,,,,,,,,,,,,,,100,,,,,0,,,,,,,,0,,,4885,,,,,,,253,,0,253,
453.povray-252B.champsimtrace.xz,mirage,spec2006,200000002,0.354136,564755447,,,,,,,,,,,,,,,,,,,0,,,,,,,,,,,4886,,,,,,,253,,0,253,
453.povray-252B.champsimtrace.xz,srrip,spec2006,200000002,0.35414,564748198,,,,,,,,,,,,,,,,,,,,,,,,,,,,,,,,,,,,,253,,0,253,
453.povray-576B.champsimtrace.xz,enigma,spec2006,200000001,0.351757,568573959,,,,,,,,,,,,,,100,,,,,0,,,,,,,,0,,,7621,,,,,,,342,,0,342,
453.povray-576B.champsimtrace.xz,mirage,spec2006,200000001,0.351756,568575549,,,,,,,,,,,,,,,,,,,0,,,,,,,,,,,7700,,,,,,,342,,0,342,
453.povray-576B.champsimtrace.xz,srrip,spec2006,200000001,0.351759,568571458,,,,,,,,,,,,,,,,,,,,,,,,,,,,,,,,,,,,,342,,0,342,
453.povray-800B.champsimtrace.xz,enigma,spec2006,200000002,0.383604,521370488,,,,,,,,,,,,,,100,,,,,0,,,,,,,,0,,,6152,,,,,,,325,,0,325,
453.povray-800B.champsimtrace.xz,mirage,spec2006,200000002,0.383603,521372667,,,,,,,,,,,,,,,,,,,0,,,,,,,,,,,6179,,,,,,,325,,0,325,
453.povray-800B.champsimtrace.xz,srrip,spec2006,200000002,0.383615,521356564,,,,,,,,,,,,,,,,,,,,,,,,,,,,,,,,,,,,,325,,0,325,
453.povray-887B.champsimtrace.xz,enigma,spec2006,200000000,0.366852,545178474,,,,,,,,,,,,,,100,,,,,0,,,,,,,,0,,,6103,,,,,,,325,,0,325,
453.povray-887B.champsimtrace.xz,mirage,spec2006,200000000,0.36685,545182412,,,,,,,,,,,,,,,,,,,0,,,,,,,,,,,6152,,,,,,,325,,0,325,
453.povray-887B.champsimtrace.xz,srrip,spec2006,200000000,0.366854,545175683,,,,,,,,,,,,,,,,,,,,,,,,,,,,,,,,,,,,,325,,0,325,
454.calculix-104B.champsimtrace.xz,enigma,spec2006,200000000,0.745392,268315088,,,,,,,,,,,,,,100,,,,,0,,,,,,,,0,,,3726,,,,,,,141,,0,141,
454.calculix-104B.champsimtrace.xz,mirage,spec2006,200000000,0.745392,268315088,,,,,,,,,,,,,,,,,,,0,,,,,,,,,,,3726,,,,,,,141,,0,141,
454.calculix-104B.champsimtrace.xz,srrip,spec2006,200000000,0.745416,268306680,,,,,,,,,,,,,,,,,,,,,,,,,,,,,,,,,,,,,141,,0,141,
454.calculix-460B.champsimtrace.xz,enigma,spec2006,200000002,1.72451,115974881,,,,,,,,,,,,,,99.9907,,,,,33,,,,,,,,0.00933815,,,353389,,,,,,,3563,,0,3563,
454.calculix-460B.champsimtrace.xz,mirage,spec2006,200000002,1.64448,121618785,,,,,,,,,,,,,,,,,,,0,,,,,,,,,,,440765,,,,,,,3563,,0,3563,
454.calculix-460B.champsimtrace.xz,srrip,spec2006,200000002,1.73857,115036768,,,,,,,,,,,,,,,,,,,,,,,,,,,,,,,,,,,,,3563,,0,3563,
456.hmmer-191B.champsimtrace.xz,enigma,spec2006,200000003,1.15225,173573067,,,,,,,,,,,,,,99.9963,,,,,20,,,,,,,,0.00372635,,,536718,,,,,,,1280,,0,1280,
456.hmmer-191B.champsimtrace.xz,mirage,spec2006,200000003,1.14644,174453448,,,,,,,,,,,,,,,,,,,0,,,,,,,,,,,481613,,,,,,,1280,,0,1280,
456.hmmer-191B.champsimtrace.xz,srrip,spec2006,200000003,1.14878,174097862,,,,,,,,,,,,,,,,,,,,,,,,,,,,,,,,,,,,,1280,,0,1280,
456.hmmer-327B.champsimtrace.xz,enigma,spec2006,200000000,1.07079,186777586,,,,,,,,,,,,,,99.9979,,,,,17,,,,,,,,0.00211518,,,803715,,,,,,,2247,,0,2247,
456.hmmer-327B.champsimtrace.xz,mirage,spec2006,200000000,1.07128,186693037,,,,,,,,,,,,,,,,,,,0,,,,,,,,,,,680894,,,,,,,2247,,0,2247,
456.hmmer-327B.champsimtrace.xz,srrip,spec2006,200000000,1.07627,185826506,,,,,,,,,,,,,,,,,,,,,,,,,,,,,,,,,,,,,2247,,0,2247,
456.hmmer-88B.champsimtrace.xz,enigma,spec2006,200000002,1.24377,160801646,,,,,,,,,,,,,,99.997,,,,,12,,,,,,,,0.00300376,,,399499,,,,,,,1357,,0,1357,
456.hmmer-88B.champsimtrace.xz,mirage,spec2006,200000002,1.22859,162788789,,,,,,,,,,,,,,,,,,,0,,,,,,,,,,,364592,,,,,,,1357,,0,1357,
456.hmmer-88B.champsimtrace.xz,srrip,spec2006,200000002,1.24434,160728388,,,,,,,,,,,,,,,,,,,,,,,,,,,,,,,,,,,,,1357,,0,1357,
458.sjeng-1088B.champsimtrace.xz,enigma,spec2006,200000002,0.399087,501143243,,,,,,,,,,,,,,99.9937,,,,,11,,,,,,,,0.00627013,,,175435,,,,,,,26386,,0,26386,
458.sjeng-1088B.champsimtrace.xz,mirage,spec2006,200000002,0.399036,501207951,,,,,,,,,,,,,,,,,,,0,,,,,,,,,,,164264,,,,,,,26386,,0,26386,
458.sjeng-1088B.champsimtrace.xz,srrip,spec2006,200000002,0.39916,501052508,,,,,,,,,,,,,,,,,,,,,,,,,,,,,,,,,,,,,26386,,0,26386,
458.sjeng-283B.champsimtrace.xz,enigma,spec2006,200000000,0.416362,480351329,,,,,,,,,,,,,,99.997,,,,,5,,,,,,,,0.00297997,,,167787,,,,,,,35597,,0,35597,
458.sjeng-283B.champsimtrace.xz,mirage,spec2006,200000000,0.416268,480459131,,,,,,,,,,,,,,,,,,,0,,,,,,,,,,,161134,,,,,,,35597,,0,35597,
458.sjeng-283B.champsimtrace.xz,srrip,spec2006,200000000,0.416247,480484034,,,,,,,,,,,,,,,,,,,,,,,,,,,,,,,,,,,,,35597,,0,35597,
458.sjeng-31B.champsimtrace.xz,enigma,spec2006,200000002,0.410027,487772564,,,,,,,,,,,,,,99.9957,,,,,7,,,,,,,,0.00425547,,,164494,,,,,,,33176,,0,33176,
458.sjeng-31B.champsimtrace.xz,mirage,spec2006,200000002,0.409967,487844589,,,,,,,,,,,,,,,,,,,0,,,,,,,,,,,157648,,,,,,,33176,,0,33176,
458.sjeng-31B.champsimtrace.xz,srrip,spec2006,200000002,0.410038,487759973,,,,,,,,,,,,,,,,,,,,,,,,,,,,,,,,,,,,,33176,,0,33176,
458.sjeng-767B.champsimtrace.xz,enigma,spec2006,200000001,0.413538,483631124,,,,,,,,,,,,,,99.9979,,,,,4,,,,,,,,0.00206536,,,193671,,,,,,,37684,,0,37684,
458.sjeng-767B.champsimtrace.xz,mirage,spec2006,200000001,0.413501,483674387,,,,,,,,,,,,,,,,,,,0,,,,,,,,,,,182673,,,,,,,37684,,0,37684,
458.sjeng-767B.champsimtrace.xz,srrip,spec2006,200000001,0.413421,483768894,,,,,,,,,,,,,,,,,,,,,,,,,,,,,,,,,,,,,37684,,0,37684,
459.GemsFDTD-1169B.champsimtrace.xz,enigma,spec2006,200000001,0.494236,404664882,,,,,,,,,,,,,,99.9896,,,,,388,,,,,,,,0.0103589,,,3745587,,,,,,,86454,,0,86454,
459.GemsFDTD-1169B.champsimtrace.xz,mirage,spec2006,200000001,0.499424,400461735,,,,,,,,,,,,,,,,,,,0,,,,,,,,,,,3689492,,,,,,,86454,,0,86454,
459.GemsFDTD-1169B.champsimtrace.xz,srrip,spec2006,200000001,0.501044,399166262,,,,,,,,,,,,,,,,,,,,,,,,,,,,,,,,,,,,,86454,,0,86454,
459.GemsFDTD-1211B.champsimtrace.xz,enigma,spec2006,200000000,0.521778,383305059,,,,,,,,,,,,,,99.9926,,,,,240,,,,,,,,0.00735299,,,3263978,,,,,,,163290,,0,163290,
459.GemsFDTD-1211B.champsimtrace.xz,mirage,spec2006,200000000,0.521505,383505588,,,,,,,,,,,,,,,,,,,0,,,,,,,,,,,3098079,,,,,,,163290,,0,163290,
459.GemsFDTD-1211B.champsimtrace.xz,srrip,spec2006,200000000,0.516912,386913300,,,,,,,,,,,,,,,,,,,,,,,,,,,,,,,,,,,,,163290,,0,163290,
459.GemsFDTD-1320B.champsimtrace.xz,enigma,spec2006,200000003,0.346437,577306113,,,,,,,,,,,,,,99.9915,,,,,646,,,,,,,,0.00854618,,,7558929,,,,,,,105613,,0,105613,
459.GemsFDTD-1320B.champsimtrace.xz,mirage,spec2006,200000003,0.353966,565025562,,,,,,,,,,,,,,,,,,,0,,,,,,,,,,,7269982,,,,,,,105613,,0,105613,
459.GemsFDTD-1320B.champsimtrace.xz,srrip,spec2006,200000003,0.351904,568337559,,,,,,,,,,,,,,,,,,,,,,,,,,,,,,,,,,,,,105613,,0,105613,
459.GemsFDTD-1418B.champsimtrace.xz,enigma,spec2006,200000001,0.532517,375574695,,,,,,,,,,,,,,99.9915,,,,,257,,,,,,,,0.00852835,,,3013477,,,,,,,95906,,0,95906,
459.GemsFDTD-1418B.champsimtrace.xz,mirage,spec2006,200000001,0.529692,377577785,,,,,,,,,,,,,,,,,,,0,,,,,,,,,,,2902634,,,,,,,95906,,0,95906,
459.GemsFDTD-1418B.champsimtrace.xz,srrip,spec2006,200000001,0.534056,374492799,,,,,,,,,,,,,,,,,,,,,,,,,,,,,,,,,,,,,95906,,0,95906,
459.GemsFDTD-1491B.champsimtrace.xz,enigma,spec2006,200000001,0.429149,466038722,,,,,,,,,,,,,,99.9916,,,,,737,,,,,,,,0.00842582,,,8746922,,,,,,,143195,,0,143195,
459.GemsFDTD-1491B.champsimtrace.xz,mirage,spec2006,200000001,0.435236,459520302,,,,,,,,,,,,,,,,,,,0,,,,,,,,,,,8402642,,,,,,,143195,,0,143195,
459.GemsFDTD-1491B.champsimtrace.xz,srrip,spec2006,200000001,0.420858,475219137,,,,,,,,,,,,,,,,,,,,,,,,,,,,,,,,,,,,,143195,,0,143195,
459.GemsFDTD-765B.champsimtrace.xz,enigma,spec2006,200000002,0.5624,355618994,,,,,,,,,,,,,,99.992,,,,,302,,,,,,,,0.00800588,,,3772229,,,,,,,164961,,0,164961,
459.GemsFDTD-765B.champsimtrace.xz,mirage,spec2006,200000002,0.562255,355710377,,,,,,,,,,,,,,,,,,,0,,,,,,,,,,,3579085,,,,,,,164961,,0,164961,
459.GemsFDTD-765B.champsimtrace.xz,srrip,spec2006,200000002,0.560876,356585064,,,,,,,,,,,,,,,,,,,,,,,,,,,,,,,,,,,,,164961,,0,164961,
462.libquantum-1343B.champsimtrace.xz,enigma,spec2006,200000000,0.290088,689446342,,,,,,,,,,,,,,99.9912,,,,,1082,,,,,,,,0.00875929,,,12352601,,,,,,,8200,,0,8200,
462.libquantum-1343B.champsimtrace.xz,mirage,spec2006,200000000,0.285411,700742983,,,,,,,,,,,,,,,,,,,0,,,,,,,,,,,11654068,,,,,,,8200,,0,8200,
462.libquantum-1343B.champsimtrace.xz,srrip,spec2006,200000000,0.30203,662186530,,,,,,,,,,,,,,,,,,,,,,,,,,,,,,,,,,,,,8200,,0,8200,
462.libquantum-714B.champsimtrace.xz,enigma,spec2006,200000001,0.312719,639551301,,,,,,,,,,,,,,99.9919,,,,,1084,,,,,,,,0.00806594,,,13439235,,,,,,,8199,,0,8199,
462.libquantum-714B.champsimtrace.xz,mirage,spec2006,200000001,0.309742,645699292,,,,,,,,,,,,,,,,,,,0,,,,,,,,,,,11902334,,,,,,,8199,,0,8199,
462.libquantum-714B.champsimtrace.xz,srrip,spec2006,200000001,0.323711,617835198,,,,,,,,,,,,,,,,,,,,,,,,,,,,,,,,,,,,,8199,,0,8199,
464.h264ref-30B.champsimtrace.xz,enigma,spec2006,200000002,0.745289,268352385,,,,,,,,,,,,,,100,,,,,0,,,,,,,,0,,,148843,,,,,,,1637,,0,1637,
464.h264ref-30B.champsimtrace.xz,mirage,spec2006,200000002,0.737978,271010654,,,,,,,,,,,,,,,,,,,0,,,,,,,,,,,252898,,,,,,,1637,,0,1637,
464.h264ref-30B.champsimtrace.xz,srrip,spec2006,200000002,0.743634,268949668,,,,,,,,,,,,,,,,,,,,,,,,,,,,,,,,,,,,,1637,,0,1637,
464.h264ref-57B.champsimtrace.xz,enigma,spec2006,200000003,0.78317,255372527,,,,,,,,,,,,,,100,,,,,0,,,,,,,,0,,,146555,,,,,,,1622,,0,1622,
464.h264ref-57B.champsimtrace.xz,mirage,spec2006,200000003,0.776432,257588524,,,,,,,,,,,,,,,,,,,0,,,,,,,,,,,237932,,,,,,,1622,,0,1622,
464.h264ref-57B.champsimtrace.xz,srrip,spec2006,200000003,0.781605,255883653,,,,,,,,,,,,,,,,,,,,,,,,,,,,,,,,,,,,,1622,,0,1622,
464.h264ref-64B.champsimtrace.xz,enigma,spec2006,200000001,0.74452,268629322,,,,,,,,,,,,,,100,,,,,0,,,,,,,,0,,,169716,,,,,,,1606,,0,1606,
464.h264ref-64B.champsimtrace.xz,mirage,spec2006,200000001,0.735996,271740624,,,,,,,,,,,,,,,,,,,0,,,,,,,,,,,275039,,,,,,,1606,,0,1606,
464.h264ref-64B.champsimtrace.xz,srrip,spec2006,200000001,0.742654,269304274,,,,,,,,,,,,,,,,,,,,,,,,,,,,,,,,,,,,,1606,,0,1606,
464.h264ref-97B.champsimtrace.xz,enigma,spec2006,200000002,0.81495,245413857,,,,,,,,,,,,,,100,,,,,0,,,,,,,,0,,,148129,,,,,,,1331,,0,1331,
464.h264ref-97B.champsimtrace.xz,mirage,spec2006,200000002,0.806556,247967970,,,,,,,,,,,,,,,,,,,0,,,,,,,,,,,252363,,,,,,,1331,,0,1331,
464.h264ref-97B.champsimtrace.xz,srrip,spec2006,200000002,0.813362,245892829,,,,,,,,,,,,,,,,,,,,,,,,,,,,,,,,,,,,,1331,,0,1331,
465.tonto-1914B.champsimtrace.xz,enigma,spec2006,200000002,0.690773,289530718,,,,,,,,,,,,,,100,,,,,0,,,,,,,,0,,,20318,,,,,,,631,,0,631,
465.tonto-1914B.champsimtrace.xz,mirage,spec2006,200000002,0.689664,289996459,,,,,,,,,,,,,,,,,,,0,,,,,,,,,,,27897,,,,,,,631,,0,631,
465.tonto-1914B.champsimtrace.xz,srrip,spec2006,200000002,0.69099,289439793,,,,,,,,,,,,,,,,,,,,,,,,,,,,,,,,,,,,,631,,0,631,
465.tonto-44B.champsimtrace.xz,enigma,spec2006,200000000,0.50639,394952843,,,,,,,,,,,,,,100,,,,,0,,,,,,,,0,,,18562,,,,,,,611,,0,611,
465.tonto-44B.champsimtrace.xz,mirage,spec2006,200000000,0.506304,395019519,,,,,,,,,,,,,,,,,,,0,,,,,,,,,,,21477,,,,,,,611,,0,611,
465.tonto-44B.champsimtrace.xz,srrip,spec2006,200000000,0.506418,394930326,,,,,,,,,,,,,,,,,,,,,,,,,,,,,,,,,,,,,611,,0,611,
470.lbm-1274B.champsimtrace.xz,enigma,spec2006,200000003,0.513452,389520533,,,,,,,,,,,,,,99.9926,,,,,1050,,,,,,,,0.00742487,,,14141669,,,,,,,94750,,0,94750,
470.lbm-1274B.champsimtrace.xz,mirage,spec2006,200000003,0.514276,388896361,,,,,,,,,,,,,,,,,,,0,,,,,,,,,,,13212040,,,,,,,94750,,0,94750,
470.lbm-1274B.champsimtrace.xz,srrip,spec2006,200000003,0.512627,390147095,,,,,,,,,,,,,,,,,,,,,,,,,,,,,,,,,,,,,94750,,0,94750,
471.omnetpp-188B.champsimtrace.xz,enigma,spec2006,200000003,0.220297,907866489,,,,,,,,,,,,,,99.9936,,,,,459,,,,,,,,0.00641595,,,7154044,,,,,,,35687,,0,35687,
471.omnetpp-188B.champsimtrace.xz,mirage,spec2006,200000003,0.217273,920499251,,,,,,,,,,,,,,,,,,,0,,,,,,,,,,,7493162,,,,,,,35687,,0,35687,
471.omnetpp-188B.champsimtrace.xz,srrip,spec2006,200000001,0.222616,898409167,,,,,,,,,,,,,,,,,,,,,,,,,,,,,,,,,,,,,35687,,0,35687,
473.astar-153B.champsimtrace.xz,enigma,spec2006,200000002,0.33271,601124464,,,,,,,,,,,,,,99.9943,,,,,27,,,,,,,,0.00565793,,,477206,,,,,,,5120,,0,5120,
473.astar-153B.champsimtrace.xz,mirage,spec2006,200000002,0.332352,601772248,,,,,,,,,,,,,,,,,,,0,,,,,,,,,,,482517,,,,,,,5120,,0,5120,
473.astar-153B.champsimtrace.xz,srrip,spec2006,200000002,0.332677,601183884,,,,,,,,,,,,,,,,,,,,,,,,,,,,,,,,,,,,,5120,,0,5120,
473.astar-359B.champsimtrace.xz,enigma,spec2006,200000002,0.120864,1654754286,,,,,,,,,,,,,,99.9946,,,,,956,,,,,,,,0.00541143,,,17666308,,,,,,,29963,,0,29963,
473.astar-359B.champsimtrace.xz,mirage,spec2006,200000002,0.121379,1647737275,,,,,,,,,,,,,,,,,,,0,,,,,,,,,,,16682264,,,,,,,29963,,0,29963,
473.astar-359B.champsimtrace.xz,srrip,spec2006,200000002,0.12303,1625613895,,,,,,,,,,,,,,,,,,,,,,,,,,,,,,,,,,,,,29963,,0,29963,
473.astar-42B.champsimtrace.xz,enigma,spec2006,200000001,0.204871,976223248,,,,,,,,,,,,,,99.992,,,,,87,,,,,,,,0.00800453,,,1086885,,,,,,,5966,,0,5966,
473.astar-42B.champsimtrace.xz,mirage,spec2006,200000001,0.204609,977474597,,,,,,,,,,,,,,,,,,,0,,,,,,,,,,,1046846,,,,,,,5966,,0,5966,
473.astar-42B.champsimtrace.xz,srrip,spec2006,200000001,0.203852,981105089,,,,,,,,,,,,,,,,,,,,,,,,,,,,,,,,,,,,,5966,,0,5966,
481.wrf-1170B.champsimtrace.xz,enigma,spec2006,200000003,0.61299,326269776,,,,,,,,,,,,,,99.9913,,,,,18,,,,,,,,0.00871021,,,206654,,,,,,,3109,,0,3109,
481.wrf-1170B.champsimtrace.xz,mirage,spec2006,200000003,0.612996,326266487,,,,,,,,,,,,,,,,,,,0,,,,,,,,,,,206896,,,,,,,3109,,0,3109,
481.wrf-1170B.champsimtrace.xz,srrip,spec2006,200000003,0.613115,326203238,,,,,,,,,,,,,,,,,,,,,,,,,,,,,,,,,,,,,3109,,0,3109,
481.wrf-1254B.champsimtrace.xz,enigma,spec2006,200000000,0.8119,246335656,,,,,,,,,,,,,,99.996,,,,,89,,,,,,,,0.00402061,,,2213596,,,,,,,10023,,0,10023,
481.wrf-1254B.champsimtrace.xz,mirage,spec2006,200000000,0.782027,255745549,,,,,,,,,,,,,,,,,,,0,,,,,,,,,,,2352197,,,,,,,10023,,0,10023,
481.wrf-1254B.champsimtrace.xz,srrip,spec2006,200000000,0.825115,242390416,,,,,,,,,,,,,,,,,,,,,,,,,,,,,,,,,,,,,10023,,0,10023,
481.wrf-1281B.champsimtrace.xz,enigma,spec2006,200000002,0.621429,321839086,,,,,,,,,,,,,,99.9909,,,,,327,,,,,,,,0.00913814,,,3578408,,,,,,,20401,,0,20401,
481.wrf-1281B.champsimtrace.xz,mirage,spec2006,200000002,0.620151,322502142,,,,,,,,,,,,,,,,,,,0,,,,,,,,,,,3512163,,,,,,,20401,,0,20401,
481.wrf-1281B.champsimtrace.xz,srrip,spec2006,200000002,0.63424,315337971,,,,,,,,,,,,,,,,,,,,,,,,,,,,,,,,,,,,,20401,,0,20401,
481.wrf-196B.champsimtrace.xz,enigma,spec2006,200000002,0.676056,295833528,,,,,,,,,,,,,,99.994,,,,,95,,,,,,,,0.00599633,,,1584303,,,,,,,9676,,0,9676,
481.wrf-196B.champsimtrace.xz,mirage,spec2006,200000002,0.665423,300560839,,,,,,,,,,,,,,,,,,,0,,,,,,,,,,,1690593,,,,,,,9676,,0,9676,
481.wrf-196B.champsimtrace.xz,srrip,spec2006,200000002,0.689087,290239190,,,,,,,,,,,,,,,,,,,,,,,,,,,,,,,,,,,,,9676,,0,9676,
481.wrf-455B.champsimtrace.xz,enigma,spec2006,200000001,0.692659,288742317,,,,,,,,,,,,,,99.9915,,,,,271,,,,,,,,0.00851342,,,3183209,,,,,,,21424,,0,21424,
481.wrf-455B.champsimtrace.xz,mirage,spec2006,200000001,0.690997,289436931,,,,,,,,,,,,,,,,,,,0,,,,,,,,,,,3164732,,,,,,,21424,,0,21424,
481.wrf-455B.champsimtrace.xz,srrip,spec2006,200000001,0.707054,282863920,,,,,,,,,,,,,,,,,,,,,,,,,,,,,,,,,,,,,21424,,0,21424,
481.wrf-816B.champsimtrace.xz,enigma,spec2006,200000000,0.682935,292853831,,,,,,,,,,,,,,99.9915,,,,,302,,,,,,,,0.00848481,,,3559301,,,,,,,23873,,0,23873,
481.wrf-816B.champsimtrace.xz,mirage,spec2006,200000000,0.680796,293773649,,,,,,,,,,,,,,,,,,,0,,,,,,,,,,,3499262,,,,,,,23873,,0,23873,
481.wrf-816B.champsimtrace.xz,srrip,spec2006,200000000,0.69802,286524551,,,,,,,,,,,,,,,,,,,,,,,,,,,,,,,,,,,,,23873,,0,23873,
482.sphinx3-1100B.champsimtrace.xz,enigma,spec2006,200000001,0.575738,347380352,,,,,,,,,,,,,,99.9907,,,,,397,,,,,,,,0.00933628,,,4252228,,,,,,,3608,,0,3608,
482.sphinx3-1100B.champsimtrace.xz,mirage,spec2006,200000001,0.595278,335977602,,,,,,,,,,,,,,,,,,,0,,,,,,,,,,,3735418,,,,,,,3608,,0,3608,
482.sphinx3-1100B.champsimtrace.xz,srrip,spec2006,200000001,0.590908,338461958,,,,,,,,,,,,,,,,,,,,,,,,,,,,,,,,,,,,,3608,,0,3608,
482.sphinx3-1297B.champsimtrace.xz,enigma,spec2006,200000002,0.583205,342932318,,,,,,,,,,,,,,99.9764,,,,,1040,,,,,,,,0.0236056,,,4405729,,,,,,,3479,,0,3479,
482.sphinx3-1297B.champsimtrace.xz,mirage,spec2006,200000002,0.641676,311683554,,,,,,,,,,,,,,,,,,,0,,,,,,,,,,,3148283,,,,,,,3479,,0,3479,
482.sphinx3-1297B.champsimtrace.xz,srrip,spec2006,200000002,0.612684,326432415,,,,,,,,,,,,,,,,,,,,,,,,,,,,,,,,,,,,,3479,,0,3479,
482.sphinx3-1395B.champsimtrace.xz,enigma,spec2006,200000003,0.567503,352420900,,,,,,,,,,,,,,99.9751,,,,,1081,,,,,,,,0.024885,,,4343989,,,,,,,3230,,0,3230,
482.sphinx3-1395B.champsimtrace.xz,mirage,spec2006,200000003,0.607647,329138705,,,,,,,,,,,,,,,,,,,0,,,,,,,,,,,2772043,,,,,,,3230,,0,3230,
482.sphinx3-1395B.champsimtrace.xz,srrip,spec2006,200000003,0.597365,334803633,,,,,,,,,,,,,,,,,,,,,,,,,,,,,,,,,,,,,3230,,0,3230,
482.sphinx3-1522B.champsimtrace.xz,enigma,spec2006,200000003,0.599299,333722934,,,,,,,,,,,,,,99.986,,,,,586,,,,,,,,0.0139531,,,4199784,,,,,,,2888,,0,2888,
482.sphinx3-1522B.champsimtrace.xz,mirage,spec2006,200000003,0.623101,320975238,,,,,,,,,,,,,,,,,,,0,,,,,,,,,,,3455346,,,,,,,2888,,0,2888,
482.sphinx3-1522B.champsimtrace.xz,srrip,spec2006,200000003,0.615727,324819399,,,,,,,,,,,,,,,,,,,,,,,,,,,,,,,,,,,,,2888,,0,2888,
482.sphinx3-234B.champsimtrace.xz,enigma,spec2006,200000003,0.560848,356602943,,,,,,,,,,,,,,99.9895,,,,,449,,,,,,,,0.0105241,,,4266404,,,,,,,4311,,0,4311,
482.sphinx3-234B.champsimtrace.xz,mirage,spec2006,200000003,0.544012,367638725,,,,,,,,,,,,,,,,,,,0,,,,,,,,,,,4365647,,,,,,,4311,,0,4311,
482.sphinx3-234B.champsimtrace.xz,srrip,spec2006,200000003,0.575198,347706277,,,,,,,,,,,,,,,,,,,,,,,,,,,,,,,,,,,,,4311,,0,4311,
482.sphinx3-417B.champsimtrace.xz,enigma,spec2006,200000000,0.517887,386184973,,,,,,,,,,,,,,99.9907,,,,,436,,,,,,,,0.00933766,,,4669263,,,,,,,4391,,0,4391,
482.sphinx3-417B.champsimtrace.xz,mirage,spec2006,200000000,0.521846,383254854,,,,,,,,,,,,,,,,,,,0,,,,,,,,,,,4391155,,,,,,,4391,,0,4391,
482.sphinx3-417B.champsimtrace.xz,srrip,spec2006,200000000,0.531101,376576397,,,,,,,,,,,,,,,,,,,,,,,,,,,,,,,,,,,,,4391,,0,4391,
483.xalancbmk-127B.champsimtrace.xz,enigma,spec2006,200000000,0.233758,855586321,,,,,,,,,,,,,,99.989,,,,,1110,,,,,,,,0.0110375,,,10056665,,,,,,,23738,,0,23738,
483.xalancbmk-127B.champsimtrace.xz,mirage,spec2006,200000000,0.230953,865977969,,,,,,,,,,,,,,,,,,,0,,,,,,,,,,,10301186,,,,,,,23738,,0,23738,
483.xalancbmk-127B.champsimtrace.xz,srrip,spec2006,200000000,0.239224,836035070,,,,,,,,,,,,,,,,,,,,,,,,,,,,,,,,,,,,,23738,,0,23738,
483.xalancbmk-716B.champsimtrace.xz,enigma,spec2006,200000000,0.570509,350564354,,,,,,,,,,,,,,99.9958,,,,,44,,,,,,,,0.00424078,,,1037545,,,,,,,30697,,0,30697,
483.xalancbmk-716B.champsimtrace.xz,mirage,spec2006,200000000,0.569553,351152610,,,,,,,,,,,,,,,,,,,0,,,,,,,,,,,927844,,,,,,,30697,,0,30697,
483.xalancbmk-716B.champsimtrace.xz,srrip,spec2006,200000000,0.571756,349799838,,,,,,,,,,,,,,,,,,,,,,,,,,,,,,,,,,,,,30697,,0,30697,
483.xalancbmk-736B.champsimtrace.xz,enigma,spec2006,200000000,0.535917,373192367,,,,,,,,,,,,,,99.9973,,,,,21,,,,,,,,0.00270404,,,776616,,,,,,,31679,,0,31679,
483.xalancbmk-736B.champsimtrace.xz,mirage,spec2006,200000000,0.533009,375228560,,,,,,,,,,,,,,,,,,,0,,,,,,,,,,,711008,,,,,,,31679,,0,31679,
483.xalancbmk-736B.champsimtrace.xz,srrip,spec2006,200000000,0.536398,372857264,,,,,,,,,,,,,,,,,,,,,,,,,,,,,,,,,,,,,31679,,0,31679,
600.perlbench_s-1273B.champsimtrace.xz,enigma,spec2017,200000002,0.578041,345996378,,,,,,,,,,,,,,99.995,,,,,7,,,,,,,,0.00502466,,,139313,,,,,,,5899,,0,5899,
600.perlbench_s-1273B.champsimtrace.xz,mirage,spec2017,200000002,0.574035,348411062,,,,,,,,,,,,,,,,,,,0,,,,,,,,,,,164578,,,,,,,5899,,0,5899,
600.perlbench_s-1273B.champsimtrace.xz,srrip,spec2017,200000002,0.579034,345403151,,,,,,,,,,,,,,,,,,,,,,,,,,,,,,,,,,,,,5899,,0,5899,
600.perlbench_s-210B.champsimtrace.xz,enigma,spec2017,200000000,0.72287,276674968,,,,,,,,,,,,,,100,,,,,0,,,,,,,,0,,,21037,,,,,,,1722,,0,1722,
600.perlbench_s-210B.champsimtrace.xz,mirage,spec2017,200000000,0.722763,276715782,,,,,,,,,,,,,,,,,,,0,,,,,,,,,,,21733,,,,,,,1722,,0,1722,
600.perlbench_s-210B.champsimtrace.xz,srrip,spec2017,200000000,0.723033,276612422,,,,,,,,,,,,,,,,,,,,,,,,,,,,,,,,,,,,,1722,,0,1722,
600.perlbench_s-570B.champsimtrace.xz,enigma,spec2017,200000000,0.552642,361898006,,,,,,,,,,,,,,99.9977,,,,,7,,,,,,,,0.00233829,,,299364,,,,,,,5898,,0,5898,
600.perlbench_s-570B.champsimtrace.xz,mirage,spec2017,200000000,0.546725,365814380,,,,,,,,,,,,,,,,,,,0,,,,,,,,,,,374209,,,,,,,5898,,0,5898,
600.perlbench_s-570B.champsimtrace.xz,srrip,spec2017,200000000,0.553148,361566968,,,,,,,,,,,,,,,,,,,,,,,,,,,,,,,,,,,,,5898,,0,5898,
602.gcc_s-1850B.champsimtrace.xz,enigma,spec2017,200000003,0.197494,1012688484,,,,,,,,,,,,,,99.9883,,,,,830,,,,,,,,0.0116756,,,7108824,,,,,,,121192,,0,121192,
602.gcc_s-1850B.champsimtrace.xz,mirage,spec2017,200000003,0.197371,1013321350,,,,,,,,,,,,,,,,,,,0,,,,,,,,,,,7115957,,,,,,,121192,,0,121192,
602.gcc_s-1850B.champsimtrace.xz,srrip,spec2017,200000003,0.203178,984360642,,,,,,,,,,,,,,,,,,,,,,,,,,,,,,,,,,,,,121192,,0,121192,
602.gcc_s-2226B.champsimtrace.xz,enigma,spec2017,200000001,0.0906937,2205225029,,,,,,,,,,,,,,99.988,,,,,3368,,,,,,,,0.0120332,,,27989229,,,,,,,48355,,0,48355,
602.gcc_s-2226B.champsimtrace.xz,mirage,spec2017,200000001,0.0906906,2205300553,,,,,,,,,,,,,,,,,,,0,,,,,,,,,,,27998848,,,,,,,48355,,0,48355,
602.gcc_s-2226B.champsimtrace.xz,srrip,spec2017,200000001,0.0954766,2094753417,,,,,,,,,,,,,,,,,,,,,,,,,,,,,,,,,,,,,48355,,0,48355,
602.gcc_s-2375B.champsimtrace.xz,enigma,spec2017,200000000,0.317031,630853158,,,,,,,,,,,,,,99.9964,,,,,10,,,,,,,,0.00362392,,,275944,,,,,,,13498,,0,13498,
602.gcc_s-2375B.champsimtrace.xz,mirage,spec2017,200000000,0.315866,633179932,,,,,,,,,,,,,,,,,,,0,,,,,,,,,,,366939,,,,,,,13498,,0,13498,
602.gcc_s-2375B.champsimtrace.xz,srrip,spec2017,200000000,0.317236,630444996,,,,,,,,,,,,,,,,,,,,,,,,,,,,,,,,,,,,,13498,,0,13498,
602.gcc_s-734B.champsimtrace.xz,enigma,spec2017,200000001,0.300167,666295107,,,,,,,,,,,,,,99.9887,,,,,396,,,,,,,,0.0113449,,,3490555,,,,,,,10446,,0,10446,
602.gcc_s-734B.champsimtrace.xz,mirage,spec2017,200000001,0.299648,667449685,,,,,,,,,,,,,,,,,,,0,,,,,,,,,,,3511472,,,,,,,10446,,0,10446,
602.gcc_s-734B.champsimtrace.xz,srrip,spec2017,200000001,0.306036,653518198,,,,,,,,,,,,,,,,,,,,,,,,,,,,,,,,,,,,,10446,,0,10446,
603.bwaves_s-1080B.champsimtrace.xz,enigma,spec2017,200000000,0.790217,253095142,,,,,,,,,,,,,,99.9978,,,,,3,,,,,,,,0.00220012,,,136356,,,,,,,1597,,0,1597,
603.bwaves_s-1080B.champsimtrace.xz,mirage,spec2017,200000000,0.790158,253114024,,,,,,,,,,,,,,,,,,,0,,,,,,,,,,,122520,,,,,,,1597,,0,1597,
603.bwaves_s-1080B.champsimtrace.xz,srrip,spec2017,200000000,0.790102,253131830,,,,,,,,,,,,,,,,,,,,,,,,,,,,,,,,,,,,,1597,,0,1597,
603.bwaves_s-1740B.champsimtrace.xz,enigma,spec2017,200000001,0.631278,316817830,,,,,,,,,,,,,,99.9888,,,,,849,,,,,,,,0.0111692,,,7601267,,,,,,,112968,,0,112968,
603.bwaves_s-1740B.champsimtrace.xz,mirage,spec2017,200000001,0.631228,316842684,,,,,,,,,,,,,,,,,,,0,,,,,,,,,,,7640070,,,,,,,112968,,0,112968,
603.bwaves_s-1740B.champsimtrace.xz,srrip,spec2017,200000001,0.638476,313245680,,,,,,,,,,,,,,,,,,,,,,,,,,,,,,,,,,,,,112968,,0,112968,
603.bwaves_s-2609B.champsimtrace.xz,enigma,spec2017,200000000,0.631717,316597327,,,,,,,,,,,,,,99.9884,,,,,881,,,,,,,,0.0115902,,,7601272,,,,,,,112961,,0,112961,
603.bwaves_s-2609B.champsimtrace.xz,mirage,spec2017,200000000,0.631682,316615244,,,,,,,,,,,,,,,,,,,0,,,,,,,,,,,7639814,,,,,,,112961,,0,112961,
603.bwaves_s-2609B.champsimtrace.xz,srrip,spec2017,200000000,0.638965,313006111,,,,,,,,,,,,,,,,,,,,,,,,,,,,,,,,,,,,,112961,,0,112961,
603.bwaves_s-2931B.champsimtrace.xz,enigma,spec2017,200000003,0.681566,293441945,,,,,,,,,,,,,,99.9927,,,,,456,,,,,,,,0.00731611,,,6232817,,,,,,,76555,,0,76555,
603.bwaves_s-2931B.champsimtrace.xz,mirage,spec2017,200000003,0.681772,293353377,,,,,,,,,,,,,,,,,,,0,,,,,,,,,,,6109600,,,,,,,76555,,0,76555,
603.bwaves_s-2931B.champsimtrace.xz,srrip,spec2017,200000003,0.694683,287901273,,,,,,,,,,,,,,,,,,,,,,,,,,,,,,,,,,,,,76555,,0,76555,
603.bwaves_s-3699B.champsimtrace.xz,enigma,spec2017,200000001,0.738484,270825261,,,,,,,,,,,,,,99.996,,,,,5,,,,,,,,0.00404256,,,123684,,,,,,,1539,,0,1539,
603.bwaves_s-3699B.champsimtrace.xz,mirage,spec2017,200000001,0.738516,270813258,,,,,,,,,,,,,,,,,,,0,,,,,,,,,,,116248,,,,,,,1539,,0,1539,
603.bwaves_s-3699B.champsimtrace.xz,srrip,spec2017,200000001,0.738181,270936402,,,,,,,,,,,,,,,,,,,,,,,,,,,,,,,,,,,,,1539,,0,1539,
603.bwaves_s-5359B.champsimtrace.xz,enigma,spec2017,200000001,0.749925,266693264,,,,,,,,,,,,,,100,,,,,0,,,,,,,,0,,,89101,,,,,,,1025,,0,1025,
603.bwaves_s-5359B.champsimtrace.xz,mirage,spec2017,200000001,0.750025,266657696,,,,,,,,,,,,,,,,,,,0,,,,,,,,,,,77434,,,,,,,1025,,0,1025,
603.bwaves_s-5359B.champsimtrace.xz,srrip,spec2017,200000001,0.749689,266777180,,,,,,,,,,,,,,,,,,,,,,,,,,,,,,,,,,,,,1025,,0,1025,
603.bwaves_s-891B.champsimtrace.xz,enigma,spec2017,200000002,0.252108,793312229,,,,,,,,,,,,,,99.9885,,,,,1110,,,,,,,,0.0115357,,,9622301,,,,,,,99221,,0,99221,
603.bwaves_s-891B.champsimtrace.xz,mirage,spec2017,200000002,0.252043,793514092,,,,,,,,,,,,,,,,,,,0,,,,,,,,,,,9641049,,,,,,,99221,,0,99221,
603.bwaves_s-891B.champsimtrace.xz,srrip,spec2017,200000002,0.259114,771862440,,,,,,,,,,,,,,,,,,,,,,,,,,,,,,,,,,,,,99221,,0,99221,
605.mcf_s-1152B.champsimtrace.xz,enigma,spec2017,200000002,0.230331,868313710,,,,,,,,,,,,,,99.9913,,,,,810,,,,,,,,0.00866241,,,9350744,,,,,,,132834,,0,132834,
605.mcf_s-1152B.champsimtrace.xz,mirage,spec2017,200000002,0.185857,1076094735,,,,,,,,,,,,,,,,,,,0,,,,,,,,,,,13157438,,,,,,,132834,,0,132834,
605.mcf_s-1152B.champsimtrace.xz,srrip,spec2017,200000002,0.234361,853383839,,,,,,,,,,,,,,,,,,,,,,,,,,,,,,,,,,,,,132834,,0,132834,
605.mcf_s-1536B.champsimtrace.xz,enigma,spec2017,200000002,0.176879,1130714116,,,,,,,,,,,,,,99.9936,,,,,862,,,,,,,,0.00635227,,,13569942,,,,,,,159305,,0,159305,
605.mcf_s-1536B.champsimtrace.xz,mirage,spec2017,200000003,0.172352,1160415095,,,,,,,,,,,,,,,,,,,0,,,,,,,,,,,12531894,,,,,,,159305,,0,159305,
605.mcf_s-1536B.champsimtrace.xz,srrip,spec2017,200000002,0.180905,1105550909,,,,,,,,,,,,,,,,,,,,,,,,,,,,,,,,,,,,,159305,,0,159305,
605.mcf_s-1554B.champsimtrace.xz,enigma,spec2017,200000001,0.134694,1484849559,,,,,,,,,,,,,,99.9668,,,,,19582,,,,,,,,0.0332193,,,58947739,,,,,,,25655,,0,25655,
605.mcf_s-1554B.champsimtrace.xz,mirage,spec2017,200000000,0.182805,1094064899,,,,,,,,,,,,,,,,,,,0,,,,,,,,,,,24896943,,,,,,,25655,,0,25655,
605.mcf_s-1554B.champsimtrace.xz,srrip,spec2017,200000000,0.150558,1328392053,,,,,,,,,,,,,,,,,,,,,,,,,,,,,,,,,,,,,25655,,0,25655,
605.mcf_s-1644B.champsimtrace.xz,enigma,spec2017,,,,,,,,,,,,,,,,,,,,,,,,,,,,,,,,,,,,,,,,,,,,
605.mcf_s-1644B.champsimtrace.xz,mirage,spec2017,,,,,,,,,,,,,,,,,,,,,,,,,,,,,,,,,,,,,,,,,,,,
605.mcf_s-1644B.champsimtrace.xz,srrip,spec2017,200000002,0.135926,1471393992,,,,,,,,,,,,,,,,,,,,,,,,,,,,,,,,,,,,,375703,,0,375703,
605.mcf_s-472B.champsimtrace.xz,enigma,spec2017,200000000,0.23907,836575263,,,,,,,,,,,,,,99.9884,,,,,2611,,,,,,,,0.011581,,,22545567,,,,,,,117061,,0,117061,
605.mcf_s-472B.champsimtrace.xz,mirage,spec2017,200000000,0.248249,805641698,,,,,,,,,,,,,,,,,,,0,,,,,,,,,,,20828171,,,,,,,117061,,0,117061,
605.mcf_s-472B.champsimtrace.xz,srrip,spec2017,200000000,0.244754,817145351,,,,,,,,,,,,,,,,,,,,,,,,,,,,,,,,,,,,,117061,,0,117061,
605.mcf_s-484B.champsimtrace.xz,enigma,spec2017,200000001,0.268028,746190233,,,,,,,,,,,,,,99.9897,,,,,1136,,,,,,,,0.0103411,,,10985296,,,,,,,97421,,0,97421,
605.mcf_s-484B.champsimtrace.xz,mirage,spec2017,200000001,0.269995,740754024,,,,,,,,,,,,,,,,,,,0,,,,,,,,,,,10785853,,,,,,,97421,,0,97421,
605.mcf_s-484B.champsimtrace.xz,srrip,spec2017,200000001,0.272716,733364571,,,,,,,,,,,,,,,,,,,,,,,,,,,,,,,,,,,,,97421,,0,97421,
605.mcf_s-665B.champsimtrace.xz,enigma,spec2017,200000000,0.25414,786967416,,,,,,,,,,,,,,99.9919,,,,,294,,,,,,,,0.00812654,,,3617775,,,,,,,44570,,0,44570,
605.mcf_s-665B.champsimtrace.xz,mirage,spec2017,200000000,0.235218,850274652,,,,,,,,,,,,,,,,,,,0,,,,,,,,,,,4894596,,,,,,,44570,,0,44570,
605.mcf_s-665B.champsimtrace.xz,srrip,spec2017,200000000,0.256603,779413434,,,,,,,,,,,,,,,,,,,,,,,,,,,,,,,,,,,,,44570,,0,44570,
605.mcf_s-782B.champsimtrace.xz,enigma,spec2017,200000002,0.154816,1291853910,,,,,,,,,,,,,,99.9915,,,,,2240,,,,,,,,0.00847315,,,26436445,,,,,,,341292,,0,341292,
605.mcf_s-782B.champsimtrace.xz,mirage,spec2017,200000002,0.11893,1681656218,,,,,,,,,,,,,,,,,,,0,,,,,,,,,,,35645230,,,,,,,341292,,0,341292,
605.mcf_s-782B.champsimtrace.xz,srrip,spec2017,200000002,0.158891,1258725361,,,,,,,,,,,,,,,,,,,,,,,,,,,,,,,,,,,,,341292,,0,341292,
605.mcf_s-994B.champsimtrace.xz,enigma,spec2017,200000003,0.184835,1082046963,,,,,,,,,,,,,,99.9914,,,,,606,,,,,,,,0.00862375,,,7027105,,,,,,,219884,,0,219884,
605.mcf_s-994B.champsimtrace.xz,mirage,spec2017,200000003,0.184954,1081347663,,,,,,,,,,,,,,,,,,,0,,,,,,,,,,,6858639,,,,,,,219884,,0,219884,
605.mcf_s-994B.champsimtrace.xz,srrip,spec2017,200000003,0.187227,1068222297,,,,,,,,,,,,,,,,,,,,,,,,,,,,,,,,,,,,,219884,,0,219884,
607.cactuBSSN_s-2421B.champsimtrace.xz,enigma,spec2017,200000002,1.05133,190235946,,,,,,,,,,,,,,99.9907,,,,,268,,,,,,,,0.00930332,,,2880692,,,,,,,21701,,0,21701,
607.cactuBSSN_s-2421B.champsimtrace.xz,mirage,spec2017,200000002,1.04105,192113726,,,,,,,,,,,,,,,,,,,0,,,,,,,,,,,3080370,,,,,,,21701,,0,21701,
607.cactuBSSN_s-2421B.champsimtrace.xz,srrip,spec2017,200000002,1.03196,193806259,,,,,,,,,,,,,,,,,,,,,,,,,,,,,,,,,,,,,21701,,0,21701,
607.cactuBSSN_s-3477B.champsimtrace.xz,enigma,spec2017,200000003,1.03788,192699586,,,,,,,,,,,,,,99.9904,,,,,110,,,,,,,,0.00960665,,,1145040,,,,,,,11250,,0,11250,
607.cactuBSSN_s-3477B.champsimtrace.xz,mirage,spec2017,200000003,1.02638,194859022,,,,,,,,,,,,,,,,,,,0,,,,,,,,,,,1198948,,,,,,,11250,,0,11250,
607.cactuBSSN_s-3477B.champsimtrace.xz,srrip,spec2017,200000003,1.02073,195939137,,,,,,,,,,,,,,,,,,,,,,,,,,,,,,,,,,,,,11250,,0,11250,
607.cactuBSSN_s-4004B.champsimtrace.xz,enigma,spec2017,200000002,1.02251,195596560,,,,,,,,,,,,,,99.9906,,,,,108,,,,,,,,0.00937327,,,1152213,,,,,,,11251,,0,11251,
607.cactuBSSN_s-4004B.champsimtrace.xz,mirage,spec2017,200000002,1.01117,197791208,,,,,,,,,,,,,,,,,,,0,,,,,,,,,,,1206534,,,,,,,11251,,0,11251,
607.cactuBSSN_s-4004B.champsimtrace.xz,srrip,spec2017,200000002,1.00541,198923038,,,,,,,,,,,,,,,,,,,,,,,,,,,,,,,,,,,,,11251,,0,11251,
607.cactuBSSN_s-4248B.champsimtrace.xz,enigma,spec2017,200000000,0.706357,283142892,,,,,,,,,,,,,,99.9904,,,,,37,,,,,,,,0.00960692,,,385139,,,,,,,6085,,0,6085,
607.cactuBSSN_s-4248B.champsimtrace.xz,mirage,spec2017,200000000,0.706369,283138192,,,,,,,,,,,,,,,,,,,0,,,,,,,,,,,385148,,,,,,,6085,,0,6085,
607.cactuBSSN_s-4248B.champsimtrace.xz,srrip,spec2017,200000000,0.710243,281593920,,,,,,,,,,,,,,,,,,,,,,,,,,,,,,,,,,,,,6085,,0,6085,
619.lbm_s-2676B.champsimtrace.xz,enigma,spec2017,200000003,0.695652,287499922,,,,,,,,,,,,,,99.993,,,,,896,,,,,,,,0.00697503,,,12845825,,,,,,,86710,,0,86710,
619.lbm_s-2676B.champsimtrace.xz,mirage,spec2017,200000003,0.691982,289024723,,,,,,,,,,,,,,,,,,,0,,,,,,,,,,,12150801,,,,,,,86710,,0,86710,
619.lbm_s-2676B.champsimtrace.xz,srrip,spec2017,200000003,0.696192,287277008,,,,,,,,,,,,,,,,,,,,,,,,,,,,,,,,,,,,,86710,,0,86710,
619.lbm_s-2677B.champsimtrace.xz,enigma,spec2017,200000001,0.374794,533626773,,,,,,,,,,,,,,99.9931,,,,,1572,,,,,,,,0.00691096,,,22746462,,,,,,,151938,,0,151938,
619.lbm_s-2677B.champsimtrace.xz,mirage,spec2017,200000001,0.369518,541246044,,,,,,,,,,,,,,,,,,,0,,,,,,,,,,,21580799,,,,,,,151938,,0,151938,
619.lbm_s-2677B.champsimtrace.xz,srrip,spec2017,200000001,0.374105,534609474,,,,,,,,,,,,,,,,,,,,,,,,,,,,,,,,,,,,,151938,,0,151938,
619.lbm_s-3766B.champsimtrace.xz,enigma,spec2017,200000003,0.376191,531645233,,,,,,,,,,,,,,99.9929,,,,,1358,,,,,,,,0.00713923,,,19021653,,,,,,,127856,,0,127856,
619.lbm_s-3766B.champsimtrace.xz,mirage,spec2017,200000003,0.370851,539299989,,,,,,,,,,,,,,,,,,,0,,,,,,,,,,,18069267,,,,,,,127856,,0,127856,
619.lbm_s-3766B.champsimtrace.xz,srrip,spec2017,200000003,0.375614,532462105,,,,,,,,,,,,,,,,,,,,,,,,,,,,,,,,,,,,,127856,,0,127856,
619.lbm_s-4268B.champsimtrace.xz,enigma,spec2017,200000000,0.375814,532177982,,,,,,,,,,,,,,99.9926,,,,,1669,,,,,,,,0.00737434,,,22632523,,,,,,,151495,,0,151495,
619.lbm_s-4268B.champsimtrace.xz,mirage,spec2017,200000000,0.37058,539694935,,,,,,,,,,,,,,,,,,,0,,,,,,,,,,,21491242,,,,,,,151495,,0,151495,
619.lbm_s-4268B.champsimtrace.xz,srrip,spec2017,200000000,0.375505,532616534,,,,,,,,,,,,,,,,,,,,,,,,,,,,,,,,,,,,,151495,,0,151495,
620.omnetpp_s-141B.champsimtrace.xz,enigma,spec2017,200000003,0.211632,945035020,,,,,,,,,,,,,,99.993,,,,,316,,,,,,,,0.00697803,,,4528499,,,,,,,54306,,0,54306,
620.omnetpp_s-141B.champsimtrace.xz,mirage,spec2017,200000003,0.210005,952356654,,,,,,,,,,,,,,,,,,,0,,,,,,,,,,,4836942,,,,,,,54306,,0,54306,
620.omnetpp_s-141B.champsimtrace.xz,srrip,spec2017,200000003,0.212808,939812425,,,,,,,,,,,,,,,,,,,,,,,,,,,,,,,,,,,,,54306,,0,54306,
620.omnetpp_s-874B.champsimtrace.xz,enigma,spec2017,200000000,0.223612,894406837,,,,,,,,,,,,,,99.9918,,,,,328,,,,,,,,0.0081813,,,4009144,,,,,,,48109,,0,48109,
620.omnetpp_s-874B.champsimtrace.xz,mirage,spec2017,200000000,0.221972,901013424,,,,,,,,,,,,,,,,,,,0,,,,,,,,,,,4279492,,,,,,,48109,,0,48109,
620.omnetpp_s-874B.champsimtrace.xz,srrip,spec2017,200000000,0.224862,889435943,,,,,,,,,,,,,,,,,,,,,,,,,,,,,,,,,,,,,48109,,0,48109,
621.wrf_s-575B.champsimtrace.xz,enigma,spec2017,200000003,0.568365,351886414,,,,,,,,,,,,,,99.994,,,,,11,,,,,,,,0.00598232,,,183875,,,,,,,2715,,0,2715,
621.wrf_s-575B.champsimtrace.xz,mirage,spec2017,200000003,0.568112,352043423,,,,,,,,,,,,,,,,,,,0,,,,,,,,,,,170448,,,,,,,2715,,0,2715,
621.wrf_s-575B.champsimtrace.xz,srrip,spec2017,200000003,0.5684,351864800,,,,,,,,,,,,,,,,,,,,,,,,,,,,,,,,,,,,,2715,,0,2715,
621.wrf_s-6673B.champsimtrace.xz,enigma,spec2017,200000002,0.57459,348074135,,,,,,,,,,,,,,99.992,,,,,437,,,,,,,,0.00798716,,,5471283,,,,,,,10640,,0,10640,
621.wrf_s-6673B.champsimtrace.xz,mirage,spec2017,200000002,0.576406,346977686,,,,,,,,,,,,,,,,,,,0,,,,,,,,,,,5599500,,,,,,,10640,,0,10640,
621.wrf_s-6673B.champsimtrace.xz,srrip,spec2017,200000002,0.58627,341139492,,,,,,,,,,,,,,,,,,,,,,,,,,,,,,,,,,,,,10640,,0,10640,
621.wrf_s-8065B.champsimtrace.xz,enigma,spec2017,200000002,0.583722,342628626,,,,,,,,,,,,,,99.9925,,,,,352,,,,,,,,0.00747666,,,4707984,,,,,,,10906,,0,10906,
621.wrf_s-8065B.champsimtrace.xz,mirage,spec2017,200000002,0.572439,349382219,,,,,,,,,,,,,,,,,,,0,,,,,,,,,,,4828996,,,,,,,10906,,0,10906,
621.wrf_s-8065B.champsimtrace.xz,srrip,spec2017,200000002,0.596486,335296948,,,,,,,,,,,,,,,,,,,,,,,,,,,,,,,,,,,,,10906,,0,10906,
621.wrf_s-8100B.champsimtrace.xz,enigma,spec2017,200000000,0.633358,315777407,,,,,,,,,,,,,,99.9943,,,,,10,,,,,,,,0.00570477,,,175292,,,,,,,2390,,0,2390,
621.wrf_s-8100B.champsimtrace.xz,mirage,spec2017,200000000,0.632809,316051363,,,,,,,,,,,,,,,,,,,0,,,,,,,,,,,188468,,,,,,,2390,,0,2390,
621.wrf_s-8100B.champsimtrace.xz,srrip,spec2017,200000000,0.633443,315734620,,,,,,,,,,,,,,,,,,,,,,,,,,,,,,,,,,,,,2390,,0,2390,
623.xalancbmk_s-10B.champsimtrace.xz,enigma,spec2017,200000000,0.236747,844784684,,,,,,,,,,,,,,99.9848,,,,,1222,,,,,,,,0.0152371,,,8019898,,,,,,,11833,,0,11833,
623.xalancbmk_s-10B.champsimtrace.xz,mirage,spec2017,200000000,0.248449,804995072,,,,,,,,,,,,,,,,,,,0,,,,,,,,,,,6150036,,,,,,,11833,,0,11833,
623.xalancbmk_s-10B.champsimtrace.xz,srrip,spec2017,200000000,0.243506,821334167,,,,,,,,,,,,,,,,,,,,,,,,,,,,,,,,,,,,,11833,,0,11833,
623.xalancbmk_s-165B.champsimtrace.xz,enigma,spec2017,200000000,0.520521,384230218,,,,,,,,,,,,,,99.9999,,,,,3,,,,,,,,7.31178,,,4102970,,,,,,,2191,,0,2191,
623.xalancbmk_s-165B.champsimtrace.xz,mirage,spec2017,200000000,0.538347,371507585,,,,,,,,,,,,,,,,,,,0,,,,,,,,,,,625926,,,,,,,2191,,0,2191,
623.xalancbmk_s-165B.champsimtrace.xz,srrip,spec2017,200000000,0.530405,377070622,,,,,,,,,,,,,,,,,,,,,,,,,,,,,,,,,,,,,2191,,0,2191,
623.xalancbmk_s-202B.champsimtrace.xz,enigma,spec2017,200000001,0.34332,582547531,,,,,,,,,,,,,,99.996,,,,,201,,,,,,,,0.00396302,,,5071887,,,,,,,1596,,0,1596,
623.xalancbmk_s-202B.champsimtrace.xz,mirage,spec2017,200000001,0.32603,613440653,,,,,,,,,,,,,,,,,,,0,,,,,,,,,,,6033714,,,,,,,1596,,0,1596,
623.xalancbmk_s-202B.champsimtrace.xz,srrip,spec2017,200000001,0.355435,562690812,,,,,,,,,,,,,,,,,,,,,,,,,,,,,,,,,,,,,1596,,0,1596,
623.xalancbmk_s-325B.champsimtrace.xz,enigma,spec2017,200000000,0.411665,485831407,,,,,,,,,,,,,,99.9939,,,,,41,,,,,,,,0.00614194,,,667541,,,,,,,2707,,0,2707,
623.xalancbmk_s-325B.champsimtrace.xz,mirage,spec2017,200000000,0.411425,486115536,,,,,,,,,,,,,,,,,,,0,,,,,,,,,,,592407,,,,,,,2707,,0,2707,
623.xalancbmk_s-325B.champsimtrace.xz,srrip,spec2017,200000000,0.411851,485612483,,,,,,,,,,,,,,,,,,,,,,,,,,,,,,,,,,,,,2707,,0,2707,
623.xalancbmk_s-592B.champsimtrace.xz,enigma,spec2017,200000003,0.422183,473728530,,,,,,,,,,,,,,99.9941,,,,,48,,,,,,,,0.00590557,,,812792,,,,,,,6567,,0,6567,
623.xalancbmk_s-592B.champsimtrace.xz,mirage,spec2017,200000003,0.421685,474287184,,,,,,,,,,,,,,,,,,,0,,,,,,,,,,,756030,,,,,,,6567,,0,6567,
623.xalancbmk_s-592B.champsimtrace.xz,srrip,spec2017,200000003,0.422645,473210328,,,,,,,,,,,,,,,,,,,,,,,,,,,,,,,,,,,,,6567,,0,6567,
623.xalancbmk_s-700B.champsimtrace.xz,enigma,spec2017,200000001,0.41579,481011901,,,,,,,,,,,,,,99.9937,,,,,43,,,,,,,,0.00626049,,,686847,,,,,,,5409,,0,5409,
623.xalancbmk_s-700B.champsimtrace.xz,mirage,spec2017,200000001,0.415474,481378113,,,,,,,,,,,,,,,,,,,0,,,,,,,,,,,624395,,,,,,,5409,,0,5409,
623.xalancbmk_s-700B.champsimtrace.xz,srrip,spec2017,200000001,0.416253,480477154,,,,,,,,,,,,,,,,,,,,,,,,,,,,,,,,,,,,,5409,,0,5409,
625.x264_s-12B.champsimtrace.xz,enigma,spec2017,200000002,1.19098,167928642,,,,,,,,,,,,,,99.9988,,,,,1,,,,,,,,0.00115831,,,86333,,,,,,,1676,,0,1676,
625.x264_s-12B.champsimtrace.xz,mirage,spec2017,200000002,1.1822,169175871,,,,,,,,,,,,,,,,,,,0,,,,,,,,,,,109541,,,,,,,1676,,0,1676,
625.x264_s-12B.champsimtrace.xz,srrip,spec2017,200000002,1.19164,167835696,,,,,,,,,,,,,,,,,,,,,,,,,,,,,,,,,,,,,1676,,0,1676,
625.x264_s-18B.champsimtrace.xz,enigma,spec2017,200000003,1.34745,148428814,,,,,,,,,,,,,,99.9952,,,,,16,,,,,,,,0.00478339,,,334491,,,,,,,5226,,0,5226,
625.x264_s-18B.champsimtrace.xz,mirage,spec2017,200000003,1.34175,149058656,,,,,,,,,,,,,,,,,,,0,,,,,,,,,,,336537,,,,,,,5226,,0,5226,
625.x264_s-18B.champsimtrace.xz,srrip,spec2017,200000003,1.34577,148614190,,,,,,,,,,,,,,,,,,,,,,,,,,,,,,,,,,,,,5226,,0,5226,
625.x264_s-20B.champsimtrace.xz,enigma,spec2017,200000003,1.24609,160502309,,,,,,,,,,,,,,99.9922,,,,,26,,,,,,,,0.00775967,,,335066,,,,,,,4882,,0,4882,
625.x264_s-20B.champsimtrace.xz,mirage,spec2017,200000003,1.24982,160022989,,,,,,,,,,,,,,,,,,,0,,,,,,,,,,,334158,,,,,,,4882,,0,4882,
625.x264_s-20B.champsimtrace.xz,srrip,spec2017,200000003,1.24726,160351983,,,,,,,,,,,,,,,,,,,,,,,,,,,,,,,,,,,,,4882,,0,4882,
625.x264_s-33B.champsimtrace.xz,enigma,spec2017,200000001,1.1114,179953896,,,,,,,,,,,,,,99.9906,,,,,15,,,,,,,,0.00940191,,,159542,,,,,,,2841,,0,2841,
625.x264_s-33B.champsimtrace.xz,mirage,spec2017,200000001,1.11267,179748375,,,,,,,,,,,,,,,,,,,0,,,,,,,,,,,154364,,,,,,,2841,,0,2841,
625.x264_s-33B.champsimtrace.xz,srrip,spec2017,200000001,1.11556,179282259,,,,,,,,,,,,,,,,,,,,,,,,,,,,,,,,,,,,,2841,,0,2841,
625.x264_s-39B.champsimtrace.xz,enigma,spec2017,200000001,1.3694,146049525,,,,,,,,,,,,,,99.9945,,,,,31,,,,,,,,0.00548863,,,564804,,,,,,,6007,,0,6007,
625.x264_s-39B.champsimtrace.xz,mirage,spec2017,200000001,1.34885,148274245,,,,,,,,,,,,,,,,,,,0,,,,,,,,,,,572260,,,,,,,6007,,0,6007,
625.x264_s-39B.champsimtrace.xz,srrip,spec2017,200000001,1.36672,146335580,,,,,,,,,,,,,,,,,,,,,,,,,,,,,,,,,,,,,6007,,0,6007,
627.cam4_s-490B.champsimtrace.xz,enigma,spec2017,200000001,0.570181,350765925,,,,,,,,,,,,,,99.9971,,,,,67,,,,,,,,0.00292502,,,2290581,,,,,,,9002,,0,9002,
627.cam4_s-490B.champsimtrace.xz,mirage,spec2017,200000001,0.557661,358640752,,,,,,,,,,,,,,,,,,,0,,,,,,,,,,,2572034,,,,,,,9002,,0,9002,
627.cam4_s-490B.champsimtrace.xz,srrip,spec2017,200000001,0.575663,347425379,,,,,,,,,,,,,,,,,,,,,,,,,,,,,,,,,,,,,9002,,0,9002,
627.cam4_s-573B.champsimtrace.xz,enigma,spec2017,200000003,0.68289,292872782,,,,,,,,,,,,,,99.9941,,,,,152,,,,,,,,0.00587048,,,2589227,,,,,,,6863,,0,6863,
627.cam4_s-573B.champsimtrace.xz,mirage,spec2017,200000003,0.676508,295635950,,,,,,,,,,,,,,,,,,,0,,,,,,,,,,,2147088,,,,,,,6863,,0,6863,
627.cam4_s-573B.champsimtrace.xz,srrip,spec2017,200000003,0.682335,293111122,,,,,,,,,,,,,,,,,,,,,,,,,,,,,,,,,,,,,6863,,0,6863,
628.pop2_s-17B.champsimtrace.xz,enigma,spec2017,200000001,0.943675,211937357,,,,,,,,,,,,,,99.993,,,,,111,,,,,,,,0.00697999,,,1590261,,,,,,,13489,,0,13489,
628.pop2_s-17B.champsimtrace.xz,mirage,spec2017,200000001,0.916557,218207962,,,,,,,,,,,,,,,,,,,0,,,,,,,,,,,1670810,,,,,,,13489,,0,13489,
628.pop2_s-17B.champsimtrace.xz,srrip,spec2017,200000001,0.948249,210915161,,,,,,,,,,,,,,,,,,,,,,,,,,,,,,,,,,,,,13489,,0,13489,
631.deepsjeng_s-928B.champsimtrace.xz,enigma,spec2017,200000001,0.4951,403958699,,,,,,,,,,,,,,99.9969,,,,,4,,,,,,,,0.00305701,,,130847,,,,,,,64044,,0,64044,
631.deepsjeng_s-928B.champsimtrace.xz,mirage,spec2017,200000001,0.495033,404013598,,,,,,,,,,,,,,,,,,,0,,,,,,,,,,,128488,,,,,,,64044,,0,64044,
631.deepsjeng_s-928B.champsimtrace.xz,srrip,spec2017,200000001,0.49488,404138689,,,,,,,,,,,,,,,,,,,,,,,,,,,,,,,,,,,,,64044,,0,64044,
638.imagick_s-10316B.champsimtrace.xz,enigma,spec2017,200000000,2.26401,88338765,,,,,,,,,,,,,,100,,,,,0,,,,,,,,0,,,18825,,,,,,,413,,0,413,
638.imagick_s-10316B.champsimtrace.xz,mirage,spec2017,200000000,2.26401,88338865,,,,,,,,,,,,,,,,,,,0,,,,,,,,,,,18843,,,,,,,413,,0,413,
638.imagick_s-10316B.champsimtrace.xz,srrip,spec2017,200000000,2.26558,88277753,,,,,,,,,,,,,,,,,,,,,,,,,,,,,,,,,,,,,413,,0,413,
638.imagick_s-4128B.champsimtrace.xz,enigma,spec2017,200000001,1.63634,122224215,,,,,,,,,,,,,,100,,,,,0,,,,,,,,0,,,43841,,,,,,,746,,0,746,
638.imagick_s-4128B.champsimtrace.xz,mirage,spec2017,200000001,1.63612,122240119,,,,,,,,,,,,,,,,,,,0,,,,,,,,,,,44044,,,,,,,746,,0,746,
638.imagick_s-4128B.champsimtrace.xz,srrip,spec2017,200000001,1.63854,122060057,,,,,,,,,,,,,,,,,,,,,,,,,,,,,,,,,,,,,746,,0,746,
638.imagick_s-824B.champsimtrace.xz,enigma,spec2017,200000001,0.583692,342646638,,,,,,,,,,,,,,99.9991,,,,,1,,,,,,,,0.000866408,,,115419,,,,,,,1349,,0,1349,
638.imagick_s-824B.champsimtrace.xz,mirage,spec2017,200000001,0.585769,341431248,,,,,,,,,,,,,,,,,,,0,,,,,,,,,,,105412,,,,,,,1349,,0,1349,
638.imagick_s-824B.champsimtrace.xz,srrip,spec2017,200000001,0.583956,342491611,,,,,,,,,,,,,,,,,,,,,,,,,,,,,,,,,,,,,1349,,0,1349,
641.leela_s-1052B.champsimtrace.xz,enigma,spec2017,200000002,0.346347,577456215,,,,,,,,,,,,,,100,,,,,0,,,,,,,,0,,,7628,,,,,,,756,,0,756,
641.leela_s-1052B.champsimtrace.xz,mirage,spec2017,200000002,0.346345,577459412,,,,,,,,,,,,,,,,,,,0,,,,,,,,,,,7694,,,,,,,756,,0,756,
641.leela_s-1052B.champsimtrace.xz,srrip,spec2017,200000002,0.34635,577450774,,,,,,,,,,,,,,,,,,,,,,,,,,,,,,,,,,,,,756,,0,756,
641.leela_s-1083B.champsimtrace.xz,enigma,spec2017,200000000,0.286234,698728907,,,,,,,,,,,,,,99.9954,,,,,54,,,,,,,,0.00456254,,,1183551,,,,,,,2398,,0,2398,
641.leela_s-1083B.champsimtrace.xz,mirage,spec2017,200000000,0.282096,708978135,,,,,,,,,,,,,,,,,,,0,,,,,,,,,,,1156458,,,,,,,2398,,0,2398,
641.leela_s-1083B.champsimtrace.xz,srrip,spec2017,200000000,0.287891,694708385,,,,,,,,,,,,,,,,,,,,,,,,,,,,,,,,,,,,,2398,,0,2398,
641.leela_s-149B.champsimtrace.xz,enigma,spec2017,200000000,0.350498,570617196,,,,,,,,,,,,,,100,,,,,0,,,,,,,,0,,,29336,,,,,,,1292,,0,1292,
641.leela_s-149B.champsimtrace.xz,mirage,spec2017,200000000,0.350493,570625108,,,,,,,,,,,,,,,,,,,0,,,,,,,,,,,43123,,,,,,,1292,,0,1292,
641.leela_s-149B.champsimtrace.xz,srrip,spec2017,200000000,0.350494,570623180,,,,,,,,,,,,,,,,,,,,,,,,,,,,,,,,,,,,,1292,,0,1292,
641.leela_s-334B.champsimtrace.xz,enigma,spec2017,200000000,0.3499,571591402,,,,,,,,,,,,,,100,,,,,0,,,,,,,,0,,,39892,,,,,,,1578,,0,1578,
641.leela_s-334B.champsimtrace.xz,mirage,spec2017,200000000,0.349451,572326469,,,,,,,,,,,,,,,,,,,0,,,,,,,,,,,48459,,,,,,,1578,,0,1578,
641.leela_s-334B.champsimtrace.xz,srrip,spec2017,200000000,0.349963,571488894,,,,,,,,,,,,,,,,,,,,,,,,,,,,,,,,,,,,,1578,,0,1578,
641.leela_s-602B.champsimtrace.xz,enigma,spec2017,200000000,0.343089,582938756,,,,,,,,,,,,,,100,,,,,0,,,,,,,,0,,,36576,,,,,,,1442,,0,1442,
641.leela_s-602B.champsimtrace.xz,mirage,spec2017,200000000,0.343086,582943663,,,,,,,,,,,,,,,,,,,0,,,,,,,,,,,60238,,,,,,,1442,,0,1442,
641.leela_s-602B.champsimtrace.xz,srrip,spec2017,200000000,0.343086,582944904,,,,,,,,,,,,,,,,,,,,,,,,,,,,,,,,,,,,,1442,,0,1442,
641.leela_s-800B.champsimtrace.xz,enigma,spec2017,200000002,0.348195,574390305,,,,,,,,,,,,,,99.9984,,,,,1,,,,,,,,0.00160873,,,62161,,,,,,,1478,,0,1478,
641.leela_s-800B.champsimtrace.xz,mirage,spec2017,200000002,0.348187,574404548,,,,,,,,,,,,,,,,,,,0,,,,,,,,,,,74763,,,,,,,1478,,0,1478,
641.leela_s-800B.champsimtrace.xz,srrip,spec2017,200000002,0.34819,574398872,,,,,,,,,,,,,,,,,,,,,,,,,,,,,,,,,,,,,1478,,0,1478,
641.leela_s-862B.champsimtrace.xz,enigma,spec2017,200000002,0.345711,578517818,,,,,,,,,,,,,,100,,,,,0,,,,,,,,0,,,8718,,,,,,,685,,0,685,
641.leela_s-862B.champsimtrace.xz,mirage,spec2017,200000002,0.345705,578528626,,,,,,,,,,,,,,,,,,,0,,,,,,,,,,,8898,,,,,,,685,,0,685,
641.leela_s-862B.champsimtrace.xz,srrip,spec2017,200000002,0.345716,578509097,,,,,,,,,,,,,,,,,,,,,,,,,,,,,,,,,,,,,685,,0,685,
644.nab_s-12459B.champsimtrace.xz,enigma,spec2017,200000003,0.49244,406140507,,,,,,,,,,,,,,99.9975,,,,,2,,,,,,,,0.00248583,,,80456,,,,,,,1213,,0,1213,
644.nab_s-12459B.champsimtrace.xz,mirage,spec2017,200000003,0.492178,406357450,,,,,,,,,,,,,,,,,,,0,,,,,,,,,,,84300,,,,,,,1213,,0,1213,
644.nab_s-12459B.champsimtrace.xz,srrip,spec2017,200000003,0.492709,405919207,,,,,,,,,,,,,,,,,,,,,,,,,,,,,,,,,,,,,1213,,0,1213,
644.nab_s-12521B.champsimtrace.xz,enigma,spec2017,200000001,0.929617,215142321,,,,,,,,,,,,,,99.9897,,,,,27,,,,,,,,0.0103044,,,262023,,,,,,,10845,,0,10845,
644.nab_s-12521B.champsimtrace.xz,mirage,spec2017,200000001,0.928174,215476819,,,,,,,,,,,,,,,,,,,0,,,,,,,,,,,266717,,,,,,,10845,,0,10845,
644.nab_s-12521B.champsimtrace.xz,srrip,spec2017,200000001,0.934162,214095721,,,,,,,,,,,,,,,,,,,,,,,,,,,,,,,,,,,,,10845,,0,10845,
644.nab_s-5853B.champsimtrace.xz,enigma,spec2017,200000000,0.644863,310143199,,,,,,,,,,,,,,99.9975,,,,,2,,,,,,,,0.00251383,,,79560,,,,,,,3215,,0,3215,
644.nab_s-5853B.champsimtrace.xz,mirage,spec2017,200000000,0.64456,310289211,,,,,,,,,,,,,,,,,,,0,,,,,,,,,,,81061,,,,,,,3215,,0,3215,
644.nab_s-5853B.champsimtrace.xz,srrip,spec2017,200000000,0.645469,309852451,,,,,,,,,,,,,,,,,,,,,,,,,,,,,,,,,,,,,3215,,0,3215,
644.nab_s-7928B.champsimtrace.xz,enigma,spec2017,200000002,0.691338,289293923,,,,,,,,,,,,,,99.9937,,,,,13,,,,,,,,0.00632868,,,205414,,,,,,,3913,,0,3913,
644.nab_s-7928B.champsimtrace.xz,mirage,spec2017,200000002,0.689046,290256340,,,,,,,,,,,,,,,,,,,0,,,,,,,,,,,213508,,,,,,,3913,,0,3913,
644.nab_s-7928B.champsimtrace.xz,srrip,spec2017,200000002,0.693167,288530597,,,,,,,,,,,,,,,,,,,,,,,,,,,,,,,,,,,,,3913,,0,3913,
644.nab_s-9322B.champsimtrace.xz,enigma,spec2017,200000000,0.608072,328908641,,,,,,,,,,,,,,99.9907,,,,,26,,,,,,,,0.00933824,,,278425,,,,,,,5108,,0,5108,
644.nab_s-9322B.champsimtrace.xz,mirage,spec2017,200000000,0.606603,329704725,,,,,,,,,,,,,,,,,,,0,,,,,,,,,,,284584,,,,,,,5108,,0,5108,
644.nab_s-9322B.champsimtrace.xz,srrip,spec2017,200000000,0.609959,327891047,,,,,,,,,,,,,,,,,,,,,,,,,,,,,,,,,,,,,5108,,0,5108,
648.exchange2_s-1227B.champsimtrace.xz,enigma,spec2017,200000000,0.672989,297181458,,,,,,,,,,,,,,100,,,,,0,,,,,,,,0,,,1576,,,,,,,48,,0,48,
648.exchange2_s-1227B.champsimtrace.xz,mirage,spec2017,200000000,0.672989,297181458,,,,,,,,,,,,,,,,,,,0,,,,,,,,,,,1576,,,,,,,48,,0,48,
648.exchange2_s-1227B.champsimtrace.xz,srrip,spec2017,200000000,0.67299,297181330,,,,,,,,,,,,,,,,,,,,,,,,,,,,,,,,,,,,,48,,0,48,
648.exchange2_s-1247B.champsimtrace.xz,enigma,spec2017,200000002,0.68641,291370869,,,,,,,,,,,,,,100,,,,,0,,,,,,,,0,,,1448,,,,,,,46,,0,46,
648.exchange2_s-1247B.champsimtrace.xz,mirage,spec2017,200000002,0.68641,291370869,,,,,,,,,,,,,,,,,,,0,,,,,,,,,,,1448,,,,,,,46,,0,46,
648.exchange2_s-1247B.champsimtrace.xz,srrip,spec2017,200000002,0.686411,291370661,,,,,,,,,,,,,,,,,,,,,,,,,,,,,,,,,,,,,46,,0,46,
648.exchange2_s-1511B.champsimtrace.xz,enigma,spec2017,200000003,0.662076,302080120,,,,,,,,,,,,,,100,,,,,0,,,,,,,,0,,,1520,,,,,,,50,,0,50,
648.exchange2_s-1511B.champsimtrace.xz,mirage,spec2017,200000003,0.662076,302080120,,,,,,,,,,,,,,,,,,,0,,,,,,,,,,,1520,,,,,,,50,,0,50,
648.exchange2_s-1511B.champsimtrace.xz,srrip,spec2017,200000003,0.662076,302080104,,,,,,,,,,,,,,,,,,,,,,,,,,,,,,,,,,,,,50,,0,50,
648.exchange2_s-1699B.champsimtrace.xz,enigma,spec2017,200000000,0.739224,270554071,,,,,,,,,,,,,,100,,,,,0,,,,,,,,0,,,1495,,,,,,,46,,0,46,
648.exchange2_s-1699B.champsimtrace.xz,mirage,spec2017,200000000,0.739224,270554071,,,,,,,,,,,,,,,,,,,0,,,,,,,,,,,1495,,,,,,,46,,0,46,
648.exchange2_s-1699B.champsimtrace.xz,srrip,spec2017,200000000,0.739225,270553563,,,,,,,,,,,,,,,,,,,,,,,,,,,,,,,,,,,,,46,,0,46,
648.exchange2_s-1712B.champsimtrace.xz,enigma,spec2017,200000000,0.717662,278682723,,,,,,,,,,,,,,100,,,,,0,,,,,,,,0,,,1529,,,,,,,46,,0,46,
648.exchange2_s-1712B.champsimtrace.xz,mirage,spec2017,200000000,0.717662,278682723,,,,,,,,,,,,,,,,,,,0,,,,,,,,,,,1529,,,,,,,46,,0,46,
648.exchange2_s-1712B.champsimtrace.xz,srrip,spec2017,200000000,0.717671,278679253,,,,,,,,,,,,,,,,,,,,,,,,,,,,,,,,,,,,,46,,0,46,
648.exchange2_s-210B.champsimtrace.xz,enigma,spec2017,200000003,0.705419,283519352,,,,,,,,,,,,,,100,,,,,0,,,,,,,,0,,,1447,,,,,,,46,,0,46,
648.exchange2_s-210B.champsimtrace.xz,mirage,spec2017,200000003,0.705419,283519352,,,,,,,,,,,,,,,,,,,0,,,,,,,,,,,1447,,,,,,,46,,0,46,
648.exchange2_s-210B.champsimtrace.xz,srrip,spec2017,200000003,0.705427,283516164,,,,,,,,,,,,,,,,,,,,,,,,,,,,,,,,,,,,,46,,0,46,
648.exchange2_s-353B.champsimtrace.xz,enigma,spec2017,200000000,0.700118,285666054,,,,,,,,,,,,,,100,,,,,0,,,,,,,,0,,,1537,,,,,,,49,,0,49,
648.exchange2_s-353B.champsimtrace.xz,mirage,spec2017,200000000,0.700118,285666054,,,,,,,,,,,,,,,,,,,0,,,,,,,,,,,1537,,,,,,,49,,0,49,
648.exchange2_s-353B.champsimtrace.xz,srrip,spec2017,200000000,0.700118,285665942,,,,,,,,,,,,,,,,,,,,,,,,,,,,,,,,,,,,,49,,0,49,
648.exchange2_s-387B.champsimtrace.xz,enigma,spec2017,200000001,0.635723,314602495,,,,,,,,,,,,,,100,,,,,0,,,,,,,,0,,,1583,,,,,,,48,,0,48,
648.exchange2_s-387B.champsimtrace.xz,mirage,spec2017,200000001,0.635723,314602495,,,,,,,,,,,,,,,,,,,0,,,,,,,,,,,1583,,,,,,,48,,0,48,
648.exchange2_s-387B.champsimtrace.xz,srrip,spec2017,200000001,0.635723,314602383,,,,,,,,,,,,,,,,,,,,,,,,,,,,,,,,,,,,,48,,0,48,
648.exchange2_s-584B.champsimtrace.xz,enigma,spec2017,200000002,0.672229,297517679,,,,,,,,,,,,,,100,,,,,0,,,,,,,,0,,,1475,,,,,,,46,,0,46,
648.exchange2_s-584B.champsimtrace.xz,mirage,spec2017,200000002,0.672229,297517679,,,,,,,,,,,,,,,,,,,0,,,,,,,,,,,1475,,,,,,,46,,0,46,
648.exchange2_s-584B.champsimtrace.xz,srrip,spec2017,200000002,0.672229,297517567,,,,,,,,,,,,,,,,,,,,,,,,,,,,,,,,,,,,,46,,0,46,
648.exchange2_s-72B.champsimtrace.xz,enigma,spec2017,200000000,0.69332,288467173,,,,,,,,,,,,,,100,,,,,0,,,,,,,,0,,,1410,,,,,,,47,,0,47,
648.exchange2_s-72B.champsimtrace.xz,mirage,spec2017,200000000,0.69332,288467173,,,,,,,,,,,,,,,,,,,0,,,,,,,,,,,1410,,,,,,,47,,0,47,
648.exchange2_s-72B.champsimtrace.xz,srrip,spec2017,200000000,0.69332,288467173,,,,,,,,,,,,,,,,,,,,,,,,,,,,,,,,,,,,,47,,0,47,
649.fotonik3d_s-10881B.champsimtrace.xz,enigma,spec2017,,,,,,,,,,,,,,,,,,,,,,,,,,,,,,,,,,,,,,,,,,,,
649.fotonik3d_s-10881B.champsimtrace.xz,mirage,spec2017,,,,,,,,,,,,,,,,,,,,,,,,,,,,,,,,,,,,,,,,,,,,
649.fotonik3d_s-10881B.champsimtrace.xz,srrip,spec2017,,,,,,,,,,,,,,,,,,,,,,,,,,,,,,,,,,,,,,,,,,,,
649.fotonik3d_s-1176B.champsimtrace.xz,enigma,spec2017,200000000,0.567724,352284137,,,,,,,,,,,,,,99.9947,,,,,267,,,,,,,,0.00532028,,,5018534,,,,,,,54494,,0,54494,
649.fotonik3d_s-1176B.champsimtrace.xz,mirage,spec2017,200000000,0.56961,351117428,,,,,,,,,,,,,,,,,,,0,,,,,,,,,,,4184731,,,,,,,54494,,0,54494,
649.fotonik3d_s-1176B.champsimtrace.xz,srrip,spec2017,200000001,0.552229,362168635,,,,,,,,,,,,,,,,,,,,,,,,,,,,,,,,,,,,,54494,,0,54494,
649.fotonik3d_s-1B.champsimtrace.xz,enigma,spec2017,200000000,0.452066,442413050,,,,,,,,,,,,,,100,,,,,0,,,,,,,,0,,,21612,,,,,,,1094,,0,1094,
649.fotonik3d_s-1B.champsimtrace.xz,mirage,spec2017,200000000,0.452066,442413038,,,,,,,,,,,,,,,,,,,0,,,,,,,,,,,24850,,,,,,,1094,,0,1094,
649.fotonik3d_s-1B.champsimtrace.xz,srrip,spec2017,200000000,0.452066,442413379,,,,,,,,,,,,,,,,,,,,,,,,,,,,,,,,,,,,,1094,,0,1094,
649.fotonik3d_s-7084B.champsimtrace.xz,enigma,spec2017,200000000,0.543768,367803953,,,,,,,,,,,,,,99.9897,,,,,696,,,,,,,,0.0102893,,,6764305,,,,,,,86810,,0,86810,
649.fotonik3d_s-7084B.champsimtrace.xz,mirage,spec2017,200000000,0.543898,367715672,,,,,,,,,,,,,,,,,,,0,,,,,,,,,,,7031134,,,,,,,86810,,0,86810,
649.fotonik3d_s-7084B.champsimtrace.xz,srrip,spec2017,200000000,0.552988,361671294,,,,,,,,,,,,,,,,,,,,,,,,,,,,,,,,,,,,,86810,,0,86810,
649.fotonik3d_s-8225B.champsimtrace.xz,enigma,spec2017,200000002,0.568931,351536390,,,,,,,,,,,,,,99.995,,,,,256,,,,,,,,0.00504605,,,5073280,,,,,,,54937,,0,54937,
649.fotonik3d_s-8225B.champsimtrace.xz,mirage,spec2017,200000003,0.571068,350220892,,,,,,,,,,,,,,,,,,,0,,,,,,,,,,,4217381,,,,,,,54937,,0,54937,
649.fotonik3d_s-8225B.champsimtrace.xz,srrip,spec2017,200000002,0.553703,361204512,,,,,,,,,,,,,,,,,,,,,,,,,,,,,,,,,,,,,54937,,0,54937,
654.roms_s-1007B.champsimtrace.xz,enigma,spec2017,200000001,0.476498,419729176,,,,,,,,,,,,,,99.9911,,,,,258,,,,,,,,0.00887487,,,2907086,,,,,,,27197,,0,27197,
654.roms_s-1007B.champsimtrace.xz,mirage,spec2017,200000001,0.475795,420349074,,,,,,,,,,,,,,,,,,,0,,,,,,,,,,,2978714,,,,,,,27197,,0,27197,
654.roms_s-1007B.champsimtrace.xz,srrip,spec2017,200000001,0.480348,416364483,,,,,,,,,,,,,,,,,,,,,,,,,,,,,,,,,,,,,27197,,0,27197,
654.roms_s-1021B.champsimtrace.xz,enigma,spec2017,200000000,0.519819,384749615,,,,,,,,,,,,,,100,,,,,0,,,,,,,,0,,,103746,,,,,,,2636,,0,2636,
654.roms_s-1021B.champsimtrace.xz,mirage,spec2017,200000000,0.519731,384814352,,,,,,,,,,,,,,,,,,,0,,,,,,,,,,,138492,,,,,,,2636,,0,2636,
654.roms_s-1021B.champsimtrace.xz,srrip,spec2017,200000000,0.519773,384783491,,,,,,,,,,,,,,,,,,,,,,,,,,,,,,,,,,,,,2636,,0,2636,
654.roms_s-1070B.champsimtrace.xz,enigma,spec2017,200000001,0.4313,463714891,,,,,,,,,,,,,,99.9893,,,,,980,,,,,,,,0.0106824,,,9173992,,,,,,,78436,,0,78436,
654.roms_s-1070B.champsimtrace.xz,mirage,spec2017,200000001,0.431567,463427670,,,,,,,,,,,,,,,,,,,0,,,,,,,,,,,9151841,,,,,,,78436,,0,78436,
654.roms_s-1070B.champsimtrace.xz,srrip,spec2017,200000001,0.438768,455821424,,,,,,,,,,,,,,,,,,,,,,,,,,,,,,,,,,,,,78436,,0,78436,
654.roms_s-1390B.champsimtrace.xz,enigma,spec2017,200000000,0.367715,543900086,,,,,,,,,,,,,,99.9886,,,,,1236,,,,,,,,0.011356,,,10884150,,,,,,,55264,,0,55264,
654.roms_s-1390B.champsimtrace.xz,mirage,spec2017,200000000,0.367955,543544285,,,,,,,,,,,,,,,,,,,0,,,,,,,,,,,11082607,,,,,,,55264,,0,55264,
654.roms_s-1390B.champsimtrace.xz,srrip,spec2017,200000000,0.374311,534314393,,,,,,,,,,,,,,,,,,,,,,,,,,,,,,,,,,,,,55264,,0,55264,
654.roms_s-1613B.champsimtrace.xz,enigma,spec2017,200000000,0.645419,309876364,,,,,,,,,,,,,,99.9942,,,,,79,,,,,,,,0.00579236,,,1363865,,,,,,,10598,,0,10598,
654.roms_s-1613B.champsimtrace.xz,mirage,spec2017,200000000,0.639434,312776612,,,,,,,,,,,,,,,,,,,0,,,,,,,,,,,1371554,,,,,,,10598,,0,10598,
654.roms_s-1613B.champsimtrace.xz,srrip,spec2017,200000000,0.648742,308289195,,,,,,,,,,,,,,,,,,,,,,,,,,,,,,,,,,,,,10598,,0,10598,
654.roms_s-293B.champsimtrace.xz,enigma,spec2017,200000003,0.677514,295197005,,,,,,,,,,,,,,99.9906,,,,,352,,,,,,,,0.00940484,,,3742752,,,,,,,101916,,0,101916,
654.roms_s-293B.champsimtrace.xz,mirage,spec2017,200000003,0.660781,302671934,,,,,,,,,,,,,,,,,,,0,,,,,,,,,,,4116796,,,,,,,101916,,0,101916,
654.roms_s-293B.champsimtrace.xz,srrip,spec2017,200000003,0.690783,289526513,,,,,,,,,,,,,,,,,,,,,,,,,,,,,,,,,,,,,101916,,0,101916,
654.roms_s-294B.champsimtrace.xz,enigma,spec2017,200000000,0.670807,298148484,,,,,,,,,,,,,,99.99,,,,,448,,,,,,,,0.010015,,,4473303,,,,,,,131518,,0,131518,
654.roms_s-294B.champsimtrace.xz,mirage,spec2017,200000000,0.651481,306992954,,,,,,,,,,,,,,,,,,,0,,,,,,,,,,,4612370,,,,,,,131518,,0,131518,
654.roms_s-294B.champsimtrace.xz,srrip,spec2017,200000000,0.678038,294968522,,,,,,,,,,,,,,,,,,,,,,,,,,,,,,,,,,,,,131518,,0,131518,
654.roms_s-523B.champsimtrace.xz,enigma,spec2017,200000002,0.417365,479197087,,,,,,,,,,,,,,99.9903,,,,,927,,,,,,,,0.00972165,,,9535420,,,,,,,49369,,0,49369,
654.roms_s-523B.champsimtrace.xz,mirage,spec2017,200000002,0.417923,478556777,,,,,,,,,,,,,,,,,,,0,,,,,,,,,,,9585070,,,,,,,49369,,0,49369,
654.roms_s-523B.champsimtrace.xz,srrip,spec2017,200000002,0.42621,469252756,,,,,,,,,,,,,,,,,,,,,,,,,,,,,,,,,,,,,49369,,0,49369,
654.roms_s-842B.champsimtrace.xz,enigma,spec2017,200000000,0.491292,407089578,,,,,,,,,,,,,,99.9981,,,,,1,,,,,,,,0.00185908,,,53790,,,,,,,1202,,0,1202,
654.roms_s-842B.champsimtrace.xz,mirage,spec2017,200000000,0.490976,407351938,,,,,,,,,,,,,,,,,,,0,,,,,,,,,,,57584,,,,,,,1202,,0,1202,
654.roms_s-842B.champsimtrace.xz,srrip,spec2017,200000000,0.491374,407022008,,,,,,,,,,,,,,,,,,,,,,,,,,,,,,,,,,,,,1202,,0,1202,
657.xz_s-2302B.champsimtrace.xz,enigma,spec2017,200000001,0.649299,308024619,,,,,,,,,,,,,,99.9954,,,,,29,,,,,,,,0.00455609,,,636511,,,,,,,9188,,0,9188,
657.xz_s-2302B.champsimtrace.xz,mirage,spec2017,200000001,0.64659,309315073,,,,,,,,,,,,,,,,,,,0,,,,,,,,,,,676213,,,,,,,9188,,0,9188,
657.xz_s-2302B.champsimtrace.xz,srrip,spec2017,200000001,0.649998,307693372,,,,,,,,,,,,,,,,,,,,,,,,,,,,,,,,,,,,,9188,,0,9188,
657.xz_s-3167B.champsimtrace.xz,enigma,spec2017,200000000,0.743597,268962727,,,,,,,,,,,,,,99.9955,,,,,23,,,,,,,,0.00449359,,,511840,,,,,,,9153,,0,9153,
657.xz_s-3167B.champsimtrace.xz,mirage,spec2017,200000000,0.739659,270394965,,,,,,,,,,,,,,,,,,,0,,,,,,,,,,,526708,,,,,,,9153,,0,9153,
657.xz_s-3167B.champsimtrace.xz,srrip,spec2017,200000000,0.746106,268058549,,,,,,,,,,,,,,,,,,,,,,,,,,,,,,,,,,,,,9153,,0,9153,
657.xz_s-4994B.champsimtrace.xz,enigma,spec2017,200000001,0.629512,317706610,,,,,,,,,,,,,,99.9955,,,,,17,,,,,,,,0.00452941,,,375325,,,,,,,3086,,0,3086,
657.xz_s-4994B.champsimtrace.xz,mirage,spec2017,200000001,0.629189,317869547,,,,,,,,,,,,,,,,,,,0,,,,,,,,,,,338477,,,,,,,3086,,0,3086,
657.xz_s-4994B.champsimtrace.xz,srrip,spec2017,200000001,0.629628,317647765,,,,,,,,,,,,,,,,,,,,,,,,,,,,,,,,,,,,,3086,,0,3086,
bc-0.trace.gz,enigma,gap,200000002,0.130212,1535952694,,,,,,,,,,,,,,99.9948,,,,,947,,,,,,,,0.00515816,,,18359267,,,,,,,37417,,0,37417,
bc-0.trace.gz,mirage,gap,200000002,0.128211,1559924202,,,,,,,,,,,,,,,,,,,0,,,,,,,,,,,20490503,,,,,,,37417,,0,37417,
bc-0.trace.gz,srrip,gap,200000002,0.133031,1503407078,,,,,,,,,,,,,,,,,,,,,,,,,,,,,,,,,,,,,37417,,0,37417,
bc-12.trace.gz,enigma,gap,200000003,0.137039,1459433390,,,,,,,,,,,,,,99.9956,,,,,798,,,,,,,,0.00438332,,,18205386,,,,,,,37408,,0,37408,
bc-12.trace.gz,mirage,gap,200000003,0.13448,1487209885,,,,,,,,,,,,,,,,,,,0,,,,,,,,,,,20516069,,,,,,,37408,,0,37408,
bc-12.trace.gz,srrip,gap,200000003,0.139924,1429344027,,,,,,,,,,,,,,,,,,,,,,,,,,,,,,,,,,,,,37408,,0,37408,
bc-3.trace.gz,enigma,gap,200000003,0.143049,1398119649,,,,,,,,,,,,,,99.9949,,,,,889,,,,,,,,0.00506832,,,17540331,,,,,,,37418,,0,37418,
bc-3.trace.gz,mirage,gap,200000003,0.139854,1430061721,,,,,,,,,,,,,,,,,,,0,,,,,,,,,,,19778531,,,,,,,37418,,0,37418,
bc-3.trace.gz,srrip,gap,200000003,0.146297,1367085102,,,,,,,,,,,,,,,,,,,,,,,,,,,,,,,,,,,,,37418,,0,37418,
bc-5.trace.gz,enigma,gap,200000002,0.230583,867368480,,,,,,,,,,,,,,99.9961,,,,,578,,,,,,,,0.00391264,,,14772636,,,,,,,37424,,0,37424,
bc-5.trace.gz,mirage,gap,200000002,0.217665,918843619,,,,,,,,,,,,,,,,,,,0,,,,,,,,,,,18014637,,,,,,,37424,,0,37424,
bc-5.trace.gz,srrip,gap,200000002,0.236195,846756238,,,,,,,,,,,,,,,,,,,,,,,,,,,,,,,,,,,,,37424,,0,37424,
bfs-10.trace.gz,enigma,gap,200000003,0.210034,952224909,,,,,,,,,,,,,,99.99,,,,,686,,,,,,,,0.00998712,,,6868850,,,,,,,28227,,0,28227,
bfs-10.trace.gz,mirage,gap,200000003,0.206657,967785818,,,,,,,,,,,,,,,,,,,0,,,,,,,,,,,7229659,,,,,,,28227,,0,28227,
bfs-10.trace.gz,srrip,gap,200000003,0.214474,932513092,,,,,,,,,,,,,,,,,,,,,,,,,,,,,,,,,,,,,28227,,0,28227,
bfs-14.trace.gz,enigma,gap,200000000,0.21367,936023033,,,,,,,,,,,,,,99.9897,,,,,704,,,,,,,,0.0102686,,,6855827,,,,,,,27221,,0,27221,
bfs-14.trace.gz,mirage,gap,200000000,0.211433,945924578,,,,,,,,,,,,,,,,,,,0,,,,,,,,,,,7134803,,,,,,,27221,,0,27221,
bfs-14.trace.gz,srrip,gap,200000000,0.218261,916334305,,,,,,,,,,,,,,,,,,,,,,,,,,,,,,,,,,,,,27221,,0,27221,
bfs-3.trace.gz,enigma,gap,200000001,0.219824,909820272,,,,,,,,,,,,,,99.9905,,,,,700,,,,,,,,0.00952096,,,7352200,,,,,,,29543,,0,29543,
bfs-3.trace.gz,mirage,gap,200000001,0.216483,923861261,,,,,,,,,,,,,,,,,,,0,,,,,,,,,,,7962591,,,,,,,29543,,0,29543,
bfs-3.trace.gz,srrip,gap,200000001,0.224543,890697320,,,,,,,,,,,,,,,,,,,,,,,,,,,,,,,,,,,,,29543,,0,29543,
bfs-8.trace.gz,enigma,gap,200000000,0.206153,970154668,,,,,,,,,,,,,,99.9886,,,,,811,,,,,,,,0.0113878,,,7121659,,,,,,,27397,,0,27397,
bfs-8.trace.gz,mirage,gap,200000000,0.203275,983887532,,,,,,,,,,,,,,,,,,,0,,,,,,,,,,,7429892,,,,,,,27397,,0,27397,
bfs-8.trace.gz,srrip,gap,200000000,0.210546,949913355,,,,,,,,,,,,,,,,,,,,,,,,,,,,,,,,,,,,,27397,,0,27397,
cc-13.trace.gz,enigma,gap,200000000,0.168428,1187449242,,,,,,,,,,,,,,99.9983,,,,,129,,,,,,,,0.00172696,,,7469772,,,,,,,30934,,0,30934,
cc-13.trace.gz,mirage,gap,200000000,0.150742,1326768625,,,,,,,,,,,,,,,,,,,0,,,,,,,,,,,11081320,,,,,,,30934,,0,30934,
cc-13.trace.gz,srrip,gap,200000000,0.172176,1161604561,,,,,,,,,,,,,,,,,,,,,,,,,,,,,,,,,,,,,30934,,0,30934,
cc-14.trace.gz,enigma,gap,200000000,0.19234,1039825384,,,,,,,,,,,,,,99.9981,,,,,138,,,,,,,,0.00189088,,,7298205,,,,,,,30182,,0,30182,
cc-14.trace.gz,mirage,gap,200000000,0.17269,1158146205,,,,,,,,,,,,,,,,,,,0,,,,,,,,,,,10807324,,,,,,,30182,,0,30182,
cc-14.trace.gz,srrip,gap,200000000,0.196611,1017238321,,,,,,,,,,,,,,,,,,,,,,,,,,,,,,,,,,,,,30182,,0,30182,
cc-5.trace.gz,enigma,gap,200000000,0.221752,901910139,,,,,,,,,,,,,,99.9982,,,,,125,,,,,,,,0.00175205,,,7134480,,,,,,,29430,,0,29430,
cc-5.trace.gz,mirage,gap,200000000,0.199747,1001265571,,,,,,,,,,,,,,,,,,,0,,,,,,,,,,,10555808,,,,,,,29430,,0,29430,
cc-5.trace.gz,srrip,gap,200000000,0.226754,882014335,,,,,,,,,,,,,,,,,,,,,,,,,,,,,,,,,,,,,29430,,0,29430,
cc-6.trace.gz,enigma,gap,200000000,0.151628,1319015652,,,,,,,,,,,,,,99.9981,,,,,150,,,,,,,,0.00187039,,,8019716,,,,,,,33133,,0,33133,
cc-6.trace.gz,mirage,gap,200000000,0.135622,1474691256,,,,,,,,,,,,,,,,,,,0,,,,,,,,,,,11910436,,,,,,,33133,,0,33133,
cc-6.trace.gz,srrip,gap,200000001,0.155123,1289298726,,,,,,,,,,,,,,,,,,,,,,,,,,,,,,,,,,,,,33133,,0,33133,
pr-10.trace.gz,enigma,gap,200000003,0.0586006,3412935467,,,,,,,,,,,,,,99.9977,,,,,404,,,,,,,,0.00233849,,,17276082,,,,,,,34814,,0,34814,
pr-10.trace.gz,mirage,gap,200000003,0.0479029,4175114101,,,,,,,,,,,,,,,,,,,0,,,,,,,,,,,26416587,,,,,,,34814,,0,34814,
pr-10.trace.gz,srrip,gap,200000003,0.0383095,5220637100,,,,,,,,,,,,,,,,,,,,,,,,,,,,,,,,,,,,,34814,,0,34814,
pr-14.trace.gz,enigma,gap,200000003,0.0586358,3410884334,,,,,,,,,,,,,,99.9975,,,,,425,,,,,,,,0.00246411,,,17247620,,,,,,,34815,,0,34815,
pr-14.trace.gz,mirage,gap,200000003,0.0479286,4172875230,,,,,,,,,,,,,,,,,,,0,,,,,,,,,,,26389309,,,,,,,34815,,0,34815,
pr-14.trace.gz,srrip,gap,200000003,0.0383184,5219418392,,,,,,,,,,,,,,,,,,,,,,,,,,,,,,,,,,,,,34815,,0,34815,
pr-3.trace.gz,enigma,gap,200000000,0.0585888,3413618846,,,,,,,,,,,,,,99.9976,,,,,408,,,,,,,,0.00236473,,,17253583,,,,,,,34813,,0,34813,
pr-3.trace.gz,mirage,gap,200000000,0.0479045,4174974425,,,,,,,,,,,,,,,,,,,0,,,,,,,,,,,26382354,,,,,,,34813,,0,34813,
pr-3.trace.gz,srrip,gap,200000000,0.0382929,5222896545,,,,,,,,,,,,,,,,,,,,,,,,,,,,,,,,,,,,,34813,,0,34813,
pr-5.trace.gz,enigma,gap,200000003,0.0586275,3411368574,,,,,,,,,,,,,,99.9976,,,,,417,,,,,,,,0.00241812,,,17244789,,,,,,,34808,,0,34808,
pr-5.trace.gz,mirage,gap,200000003,0.0479182,4173775301,,,,,,,,,,,,,,,,,,,0,,,,,,,,,,,26394201,,,,,,,34808,,0,34808,
pr-5.trace.gz,srrip,gap,200000003,0.0382943,5222705555,,,,,,,,,,,,,,,,,,,,,,,,,,,,,,,,,,,,,34808,,0,34808,
sssp-10.trace.gz,enigma,gap,200000001,0.330613,604936049,,,,,,,,,,,,,,99.9961,,,,,287,,,,,,,,0.00391412,,,7332423,,,,,,,58068,,0,58068,
sssp-10.trace.gz,mirage,gap,200000001,0.304332,657176080,,,,,,,,,,,,,,,,,,,0,,,,,,,,,,,9934930,,,,,,,58068,,0,58068,
sssp-10.trace.gz,srrip,gap,200000001,0.340371,587594370,,,,,,,,,,,,,,,,,,,,,,,,,,,,,,,,,,,,,58068,,0,58068,
sssp-14.trace.gz,enigma,gap,200000002,0.33014,605803231,,,,,,,,,,,,,,99.9962,,,,,279,,,,,,,,0.00380636,,,7329845,,,,,,,58148,,0,58148,
sssp-14.trace.gz,mirage,gap,200000002,0.303791,658347114,,,,,,,,,,,,,,,,,,,0,,,,,,,,,,,9930702,,,,,,,58148,,0,58148,
sssp-14.trace.gz,srrip,gap,200000002,0.339891,588423749,,,,,,,,,,,,,,,,,,,,,,,,,,,,,,,,,,,,,58148,,0,58148,
sssp-3.trace.gz,enigma,gap,200000001,0.329621,606757957,,,,,,,,,,,,,,99.9966,,,,,250,,,,,,,,0.00340692,,,7338008,,,,,,,58226,,0,58226,
sssp-3.trace.gz,mirage,gap,200000001,0.303384,659229759,,,,,,,,,,,,,,,,,,,0,,,,,,,,,,,9935561,,,,,,,58226,,0,58226,
sssp-3.trace.gz,srrip,gap,200000001,0.339332,589392777,,,,,,,,,,,,,,,,,,,,,,,,,,,,,,,,,,,,,58226,,0,58226,
sssp-5.trace.gz,enigma,gap,200000002,0.330314,605484417,,,,,,,,,,,,,,99.9959,,,,,303,,,,,,,,0.004132,,,7333014,,,,,,,58341,,0,58341,
sssp-5.trace.gz,mirage,gap,200000002,0.303936,658032423,,,,,,,,,,,,,,,,,,,0,,,,,,,,,,,9936723,,,,,,,58341,,0,58341,
sssp-5.trace.gz,srrip,gap,200000002,0.340011,588216429,,,,,,,,,,,,,,,,,,,,,,,,,,,,,,,,,,,,,58341,,0,58341,
